id,name,position,team,projection,baseline,recent_weighted,volatility,n,last_week,eligible
00-0033897,Joe Mixon,RB,HOU,19.5078,20.9857,18.712,8.4861,7,12,True
00-0026498,Matthew Stafford,QB,LA,17.4218,14.8311,18.8169,8.2194,9,12,True
00-0032764,Derrick Henry,RB,BAL,17.3292,20.84,15.4387,5.8775,10,12,True
00-0023459,Aaron Rodgers,QB,NYJ,14.2994,14.7733,14.0442,5.264,9,11,True
00-0033906,Alvin Kamara,RB,NO,14.2063,14.3889,14.108,5.7215,9,11,True
00-0033293,Aaron Jones,RB,MIN,12.6184,13.2333,12.2873,4.9795,9,12,True
00-0033553,James Conner,RB,ARI,12.5196,12.1222,12.7335,5.1341,9,12,True
00-0031408,Mike Evans,WR,TB,10.5493,10.9167,10.3516,6.8793,6,12,True
00-0030506,Travis Kelce,TE,KC,10.2791,10.5556,10.1303,6.6749,9,12,True
00-0030279,Keenan Allen,WR,CHI,10.1297,8.675,10.913,6.1471,8,12,True
00-0030061,Zach Ertz,TE,WAS,9.593,8.06,10.4185,4.9996,10,12,True
00-0030564,DeAndre Hopkins,WR,KC,9.3137,8.9556,9.5065,7.9261,9,12,True
00-0031381,Davante Adams,WR,NYJ,9.2491,8.8,9.4909,4.7184,6,11,True
00-0030035,Adam Thielen,WR,CAR,9.1504,9.35,9.0429,2.15,2,12,False
