week,id,name,history_end,prior_games,history,recent_weighted,recent_three,last_game,original,actual,fitted
4,achane,De'Von Achane,3,3,19.6,19.473,19.6,16.1,19.5174,17.1,19.6
4,montgomery,David Montgomery,3,3,16.9333,18.9811,16.9333,29.4,18.2644,1.2,16.9333
4,stevenson,Rhamondre Stevenson,3,3,10.1667,10.0081,10.1667,4.6,10.0636,5.1,10.1667
4,harvey,RJ Harvey,3,3,5.3,5.0135,5.3,4.6,5.1138,19.8,5.3
5,achane,De'Von Achane,4,4,18.975,18.6051,19.8,17.1,18.7346,16.6,18.975
5,montgomery,David Montgomery,4,4,13.0,12.4783,14.5667,1.2,12.6609,18.2,13.0
5,harvey,RJ Harvey,4,4,8.925,10.4211,9.2667,19.8,9.8975,6.0,8.925
5,stevenson,Rhamondre Stevenson,4,4,8.9,8.2131,10.3,5.1,8.4535,14.7,8.9
6,achane,De'Von Achane,5,5,18.5,17.9479,16.6,16.6,18.1411,31.0,18.5
6,montgomery,David Montgomery,5,5,14.04,14.3538,16.2667,18.2,14.244,8.1,14.04
6,stevenson,Rhamondre Stevenson,5,5,10.06,10.3394,8.1333,14.7,10.2416,1.8,10.06
6,harvey,RJ Harvey,5,5,8.34,8.972,10.1333,6.0,8.7508,6.5,8.34
7,achane,De'Von Achane,6,6,20.5833,21.9174,21.5667,31.0,21.4505,12.8,20.5833
7,montgomery,David Montgomery,6,6,13.05,12.4518,9.1667,8.1,12.6612,5.9,13.05
7,harvey,RJ Harvey,6,6,8.0333,8.2202,10.7667,6.5,8.1548,7.2,8.0333
7,stevenson,Rhamondre Stevenson,6,6,8.6833,7.7424,7.2,1.8,8.0717,16.8,8.6833
8,achane,De'Von Achane,7,7,19.4714,19.4378,20.1333,12.8,19.4496,20.1,19.4714
8,stevenson,Rhamondre Stevenson,7,7,9.8429,10.6617,11.1,16.8,10.3751,5.9,9.8429
8,harvey,RJ Harvey,7,7,7.9143,7.9272,6.5667,7.2,7.9227,24.1,7.9143
9,achane,De'Von Achane,8,8,19.55,19.2732,21.3,20.1,19.37,16.6,19.55
9,harvey,RJ Harvey,8,8,9.9375,13.0909,12.6,24.1,11.9872,16.6,9.9375
9,montgomery,David Montgomery,7,7,12.0286,10.684,10.7333,5.9,11.1546,11.0,12.0286
10,achane,De'Von Achane,9,9,19.2222,18.6319,16.5,16.6,18.8385,40.5,19.2222
10,harvey,RJ Harvey,9,9,10.6778,14.6177,15.9667,16.6,13.2387,3.8,10.6778
10,montgomery,David Montgomery,9,8,11.9,10.6493,8.3333,11.0,11.087,10.1,11.9
11,achane,De'Von Achane,10,10,21.35,25.3655,25.7333,40.5,23.9601,21.5,21.35
11,harvey,RJ Harvey,10,10,9.99,11.0472,14.8333,3.8,10.6772,8.0,9.99
11,montgomery,David Montgomery,10,9,11.7,9.4673,9.0,10.1,10.2487,4.7,11.7
12,montgomery,David Montgomery,11,10,11.0,8.4649,8.6,4.7,9.3522,6.7,11.0
13,achane,De'Von Achane,11,11,21.3636,24.6644,26.2,21.5,23.5091,19.4,21.3636
13,harvey,RJ Harvey,11,11,9.8091,10.3937,9.4667,8.0,10.1891,21.2,9.8091
13,montgomery,David Montgomery,12,11,10.6091,7.4012,7.1667,6.7,8.524,12.8,10.6091
13,stevenson,Rhamondre Stevenson,12,9,8.5333,6.8416,8.2333,2.0,7.4337,11.0,8.5333
14,achane,De'Von Achane,13,12,21.2,22.7204,27.1333,19.4,22.1883,17.5,21.2
14,harvey,RJ Harvey,13,12,10.7583,13.8909,11.0,21.2,12.7945,22.0,10.7583
14,montgomery,David Montgomery,13,12,10.7917,9.0053,8.0667,12.8,9.6305,14.3,10.7917
15,achane,De'Von Achane,14,13,20.9154,21.6697,19.4667,17.5,21.4057,18.7,20.9154
15,harvey,RJ Harvey,14,13,11.6231,16.7193,17.0667,22.0,14.9356,10.5,11.6231
15,montgomery,David Montgomery,14,13,11.0615,10.7837,11.2667,14.3,10.8809,9.2,11.0615
15,stevenson,Rhamondre Stevenson,13,10,8.78,8.2006,6.3,11.0,8.4034,10.7,8.78
16,achane,De'Von Achane,15,14,20.7571,20.8515,18.5333,18.7,20.8185,18.0,20.7571
16,harvey,RJ Harvey,15,14,11.5429,14.4283,17.9,10.5,13.4184,22.1,11.5429
16,montgomery,David Montgomery,15,14,10.9286,10.2903,12.1,9.2,10.5137,1.4,10.9286
16,stevenson,Rhamondre Stevenson,15,11,8.9545,8.6089,7.9,10.7,8.7299,17.8,8.9545
17,achane,De'Von Achane,16,15,20.5733,20.2144,18.0667,18.0,20.34,14.2,20.5733
17,harvey,RJ Harvey,16,15,12.2467,16.644,18.2,22.1,15.1049,18.6,12.2467
17,stevenson,Rhamondre Stevenson,16,12,9.6917,11.7727,13.1667,17.8,11.0444,27.2,9.6917
17,montgomery,David Montgomery,16,15,10.2933,7.5968,8.3,1.4,8.5406,6.0,10.2933
