player_id,name,position,team,season,week,opponent,standard_points,receptions
00-0023459,Aaron Rodgers,QB,PIT,2026,1,ATL,12.54,0
00-0026498,Matthew Stafford,QB,LA,2026,1,SF,4.1,0
00-0029604,Kirk Cousins,QB,LV,2026,1,MIA,13.8,0
00-0030279,Keenan Allen,WR,IND,2026,1,BAL,3.2,6
00-0030506,Travis Kelce,TE,KC,2026,1,DEN,7.1,3
00-0030565,Geno Smith,QB,NYJ,2026,1,TEN,9.3,0
00-0031381,Davante Adams,WR,LA,2026,1,SF,2.6,3
00-0031408,Mike Evans,WR,SF,2026,1,LA,10.9,6
00-0031588,Stefon Diggs,WR,WAS,2026,1,PHI,11.5,4
00-0031610,Darren Waller,TE,CAR,2026,1,CHI,2.8,2
00-0032104,Ameer Abdullah,RB,JAX,2026,1,CLE,3.2,1
00-0032398,Chris Moore,WR,BAL,2026,1,IND,5.3,1
00-0032464,Kalif Raymond,WR,CHI,2026,1,CAR,8.4,8
00-0032764,Derrick Henry,RB,BAL,2026,1,IND,34.3,1
00-0032775,Demarcus Robinson,WR,SF,2026,1,LA,11.0,2
00-0032950,Carson Wentz,QB,MIN,2026,1,GB,19.22,0
00-0032951,Laquon Treadwell,WR,IND,2026,1,BAL,0.0,0
00-0033077,Dak Prescott,QB,DAL,2026,1,NYG,14.4,0
00-0033090,Hunter Henry,TE,NE,2026,1,SEA,2.6,3
00-0033106,Jared Goff,QB,DET,2026,1,NO,16.44,0
00-0033110,Tyler Higbee,TE,LA,2026,1,SF,-0.8,2
00-0033119,Jacoby Brissett,QB,ARI,2026,1,LAC,16.48,0
00-0033280,Christian McCaffrey,RB,SF,2026,1,LA,8.8,5
00-0033288,George Kittle,TE,SF,2026,1,LA,1.2,2
00-0033293,Aaron Jones,RB,MIN,2026,1,GB,10.0,0
00-0033307,Kendrick Bourne,WR,ARI,2026,1,LAC,7.5,8
00-0033319,Nick Mullens,QB,JAX,2026,1,CLE,-0.3,0
00-0033376,Patrick Ricard,RB,NYG,2026,1,DAL,0.0,0
00-0033526,Samaje Perine,RB,CIN,2026,1,TB,5.0,3
00-0033537,Deshaun Watson,QB,CLE,2026,1,JAX,14.0,0
00-0033555,Mack Hollins,WR,NE,2026,1,SEA,5.1,4
00-0033576,Eric Saubert,TE,SEA,2026,1,NE,0.0,0
00-0033662,Cooper Rush,QB,ATL,2026,1,PIT,5.72,0
00-0033858,Jonnu Smith,TE,GB,2026,1,MIN,5.0,2
00-0033873,Patrick Mahomes,QB,KC,2026,1,DEN,21.66,0
00-0033881,Evan Engram,TE,DEN,2026,1,KC,10.3,4
00-0033885,David Njoku,TE,LAC,2026,1,ARI,5.8,5
00-0033908,Cooper Kupp,WR,SEA,2026,1,NE,3.5,2
00-0033921,Chris Godwin Jr.,WR,TB,2026,1,CIN,4.3,4
00-0034348,Courtland Sutton,WR,DEN,2026,1,KC,1.1,2
00-0034351,Dallas Goedert,TE,PHI,2026,1,WAS,19.7,4
00-0034383,Dalton Schultz,TE,HOU,2026,1,BUF,3.5,4
00-0034419,Braxton Berrios,WR,NYG,2026,1,DAL,0.0,0
00-0034613,Tanner Hudson,TE,CIN,2026,1,TB,0.4,1
00-0034753,Mark Andrews,TE,BAL,2026,1,IND,4.9,4
00-0034796,Lamar Jackson,QB,BAL,2026,1,IND,24.96,0
00-0034798,Durham Smythe,TE,BAL,2026,1,IND,0.4,1
00-0034827,DJ Moore,WR,BUF,2026,1,HOU,16.0,5
00-0034829,Mike Gesicki,TE,CIN,2026,1,TB,13.8,5
00-0034844,Saquon Barkley,RB,PHI,2026,1,WAS,8.0,1
00-0034854,KhaDarel Hodge,WR,SF,2026,1,LA,0.0,0
00-0034855,Baker Mayfield,QB,TB,2026,1,CIN,11.64,0
00-0034857,Josh Allen,QB,BUF,2026,1,HOU,35.66,0
00-0034869,Sam Darnold,QB,SEA,2026,1,NE,0.52,0
00-0034960,Jakobi Meyers,WR,JAX,2026,1,CLE,10.2,2
00-0034975,Justice Hill,RB,BAL,2026,1,IND,2.8,1
00-0034981,Foster Moreau,TE,HOU,2026,1,BUF,1.5,2
00-0035021,Ashton Dulin,WR,IND,2026,1,BAL,0.0,0
00-0035208,Olamide Zaccheaus,WR,ATL,2026,1,PIT,0.5,1
00-0035228,Kyler Murray,QB,MIN,2026,1,GB,-0.38,0
00-0035229,T.J. Hockenson,TE,MIN,2026,1,GB,9.6,4
00-0035249,Josh Oliver,TE,MIN,2026,1,GB,2.2,2
00-0035250,Devin Singletary,RB,NYG,2026,1,DAL,9.8,4
00-0035261,Tony Pollard,RB,TEN,2026,1,NYJ,3.4,1
00-0035500,Greg Dortch,WR,BUF,2026,1,HOU,0.0,0
00-0035544,Tom Kennedy,WR,DET,2026,1,NO,0.0,0
00-0035631,Drew Sample,TE,CIN,2026,1,TB,1.9,3
00-0035640,DK Metcalf,WR,PIT,2026,1,ATL,4.0,4
00-0035644,Noah Fant,TE,NO,2026,1,DET,9.3,4
00-0035659,Terry McLaurin,WR,WAS,2026,1,PHI,1.4,2
00-0035676,A.J. Brown,WR,NE,2026,1,SEA,2.6,3
00-0035685,David Montgomery,RB,HOU,2026,1,BUF,25.9,3
00-0035689,Dawson Knox,TE,BUF,2026,1,HOU,0.7,1
00-0035704,Drew Lock,QB,SEA,2026,1,NE,12.78,0
00-0035710,Daniel Jones,QB,IND,2026,1,BAL,9.04,0
00-0035719,Deebo Samuel Sr.,WR,SF,2026,1,LA,12.0,6
00-0035891,Cody White,WR,LV,2026,1,MIA,0.0,0
00-0036040,Juwan Johnson,TE,NO,2026,1,DET,11.4,3
00-0036139,Rico Dowdle,RB,PIT,2026,1,ATL,2.1,2
00-0036158,J.K. Dobbins,RB,DEN,2026,1,KC,3.6,0
00-0036223,Jonathan Taylor,RB,IND,2026,1,BAL,22.1,3
00-0036244,Colby Parkinson,TE,LA,2026,1,SF,0.6,1
00-0036252,Michael Pittman,WR,PIT,2026,1,ATL,5.8,3
00-0036259,Jauan Jennings,WR,MIN,2026,1,GB,0.0,0
00-0036264,Jordan Love,QB,GB,2026,1,MIN,19.48,0
00-0036265,AJ Dillon,RB,CAR,2026,1,CHI,2.8,0
00-0036275,D'Andre Swift,RB,CHI,2026,1,CAR,31.4,1
00-0036290,Cole Kmet,TE,CHI,2026,1,CAR,9.5,2
00-0036309,Darnell Mooney,WR,NYG,2026,1,DAL,2.7,2
00-0036322,Justin Jefferson,WR,MIN,2026,1,GB,23.2,8
00-0036331,Devin Duvernay,WR,ARI,2026,1,LAC,0.0,0
00-0036355,Justin Herbert,QB,LAC,2026,1,ARI,13.26,0
00-0036358,CeeDee Lamb,WR,DAL,2026,1,NYG,10.4,5
00-0036389,Jalen Hurts,QB,PHI,2026,1,WAS,24.72,0
00-0036407,Jerry Jeudy,WR,CLE,2026,1,JAX,2.6,2
00-0036410,Tee Higgins,WR,CIN,2026,1,TB,5.9,3
00-0036422,Adam Trautman,TE,DEN,2026,1,KC,1.0,2
00-0036425,DeeJay Dallas,RB,MIN,2026,1,GB,0.1,1
00-0036442,Joe Burrow,QB,CIN,2026,1,TB,14.16,0
00-0036463,Chris Blair,WR,ATL,2026,1,PIT,0.0,0
00-0036550,Rashod Bateman,WR,BAL,2026,1,IND,0.0,0
00-0036554,Nico Collins,WR,HOU,2026,1,BUF,14.2,7
00-0036555,Chuba Hubbard,RB,CAR,2026,1,CHI,20.7,3
00-0036590,Quintin Morris,TE,JAX,2026,1,CLE,0.0,0
00-0036613,Jaylen Waddle,WR,DEN,2026,1,KC,0.2,1
00-0036626,Dyami Brown,WR,WAS,2026,1,PHI,0.0,0
00-0036628,John Bates,TE,WAS,2026,1,PHI,1.3,2
00-0036637,Noah Gray,TE,KC,2026,1,DEN,0.5,1
00-0036646,Simi Fehoko,WR,ARI,2026,1,LAC,0.0,0
00-0036754,Brock Wright,TE,DET,2026,1,NO,0.5,1
00-0036825,Feleipe Franks,TE,CAR,2026,1,CHI,0.0,0
00-0036875,Rhamondre Stevenson,RB,NE,2026,1,SEA,9.5,5
00-0036887,Luke Farrell,TE,SF,2026,1,LA,1.9,2
00-0036894,Pat Freiermuth,TE,PIT,2026,1,ATL,10.6,5
00-0036900,Ja'Marr Chase,WR,CIN,2026,1,TB,1.2,2
00-0036912,DeVonta Smith,WR,PHI,2026,1,WAS,5.3,3
00-0036919,Kenny Gainwell,RB,TB,2026,1,CIN,1.8,1
00-0036963,Amon-Ra St. Brown,WR,DET,2026,1,NO,18.7,10
00-0036970,Kyle Pitts,TE,ATL,2026,1,PIT,0.0,0
00-0036971,Trevor Lawrence,QB,JAX,2026,1,CLE,26.1,0
00-0036973,Travis Etienne,RB,NO,2026,1,DET,7.8,7
00-0036988,Josh Palmer,WR,BUF,2026,1,HOU,9.4,1
00-0036997,Javonte Williams,RB,DAL,2026,1,NYG,19.2,5
00-0037004,Hunter Long,TE,ARI,2026,1,LAC,0.0,0
00-0037005,Tommy Tremble,TE,CAR,2026,1,CHI,2.5,3
00-0037091,Bo Melton,WR,GB,2026,1,MIN,1.0,1
00-0037093,Dareke Young,WR,LV,2026,1,MIA,0.0,0
00-0037132,Britain Covey,WR,PHI,2026,1,WAS,0.0,0
00-0037228,Jaylen Warren,RB,PIT,2026,1,ATL,5.3,5
00-0037238,Drake London,WR,ATL,2026,1,PIT,3.5,2
00-0037239,Chris Olave,WR,NO,2026,1,DET,18.2,10
00-0037240,Jameson Williams,WR,DET,2026,1,NO,4.5,4
00-0037247,George Pickens,WR,DAL,2026,1,NYG,2.8,3
00-0037248,James Cook,RB,BUF,2026,1,HOU,6.9,3
00-0037252,Greg Dulcich,TE,MIA,2026,1,LV,1.8,2
00-0037256,Rachaad White,RB,WAS,2026,1,PHI,2.7,2
00-0037261,Khalil Shakir,WR,BUF,2026,1,HOU,5.0,4
00-0037263,Tyler Allgeier,RB,ARI,2026,1,LAC,7.0,2
00-0037291,Jalen Nailor,WR,LV,2026,1,MIA,2.7,3
00-0037292,Andrew Ogletree,TE,IND,2026,1,BAL,0.0,0
00-0037317,Nick Muse,TE,ATL,2026,1,PIT,0.0,0
00-0037380,Kaden Davis,WR,CHI,2026,1,CAR,0.0,0
00-0037524,Tay Martin,WR,DET,2026,1,NO,0.0,0
00-0037525,Jordan Mason,RB,MIN,2026,1,GB,11.9,0
00-0037545,Rashid Shaheed,WR,SEA,2026,1,NE,0.4,1
00-0037557,Ronnie Rivers,RB,LA,2026,1,SF,2.4,1
00-0037664,Alec Pierce,WR,IND,2026,1,BAL,6.1,4
00-0037740,Garrett Wilson,WR,NYJ,2026,1,TEN,7.9,6
00-0037741,Jahan Dotson,WR,ATL,2026,1,PIT,1.9,1
00-0037744,Trey McBride,TE,ARI,2026,1,LAC,15.5,9
00-0037746,Brian Robinson,RB,ATL,2026,1,PIT,3.1,0
00-0037801,KaVontae Turpin,WR,DAL,2026,1,NYG,0.8,1
00-0037805,Jeremy Ruckert,TE,NYJ,2026,1,TEN,0.4,1
00-0037809,Chig Okonkwo,TE,WAS,2026,1,PHI,1.6,2
00-0037816,Romeo Doubs,WR,NE,2026,1,SEA,0.0,0
00-0037834,Brock Purdy,QB,SF,2026,1,LA,21.1,0
00-0037838,Isaiah Likely,TE,NYG,2026,1,DAL,19.8,8
00-0037840,Kyren Williams,RB,LA,2026,1,SF,12.5,3
00-0038041,Jake Ferguson,TE,DAL,2026,1,NYG,0.6,2
00-0038046,Charlie Kolar,TE,LAC,2026,1,ARI,0.0,0
00-0038090,Skyy Moore,WR,GB,2026,1,MIN,0.0,0
00-0038102,Kenny Pickett,QB,CAR,2026,1,CHI,2.4,0
00-0038104,Tyquan Thornton,WR,KC,2026,1,DEN,0.0,0
00-0038115,Daniel Bellinger,TE,TEN,2026,1,NYJ,0.7,1
00-0038117,Wan'Dale Robinson,WR,TEN,2026,1,NYJ,3.8,5
00-0038120,Breece Hall,RB,NYJ,2026,1,TEN,17.8,2
00-0038124,Christian Watson,WR,GB,2026,1,MIN,26.7,6
00-0038128,Malik Willis,QB,MIA,2026,1,LV,16.7,0
00-0038129,Cade Otton,TE,TB,2026,1,CIN,2.6,3
00-0038134,Kenneth Walker III,RB,KC,2026,1,DEN,31.1,3
00-0038359,Xavier Smith,WR,LA,2026,1,SF,0.0,0
00-0038393,Dontayvion Wicks,WR,PHI,2026,1,WAS,13.3,2
00-0038454,Keaton Mitchell,RB,LAC,2026,1,ARI,0.9,0
00-0038488,Brady Russell,RB,SEA,2026,1,NE,2.0,2
00-0038489,Ben VanSumeren,RB,KC,2026,1,DEN,0.0,0
00-0038519,Nikko Remigio,WR,KC,2026,1,DEN,0.0,0
00-0038542,Bijan Robinson,RB,ATL,2026,1,PIT,23.3,8
00-0038543,Jaxon Smith-Njigba,WR,SEA,2026,1,NE,18.2,8
00-0038544,Quentin Johnston,WR,LAC,2026,1,ARI,1.7,2
00-0038547,Luke Schoonmaker,TE,DAL,2026,1,NYG,1.2,1
00-0038551,Kendre Miller,RB,NO,2026,1,DET,9.0,0
00-0038555,Tank Bigsby,RB,PHI,2026,1,WAS,0.3,0
00-0038558,Darnell Washington,TE,PIT,2026,1,ATL,1.8,2
00-0038559,Michael Wilson,WR,ARI,2026,1,LAC,5.6,5
00-0038563,Tre Tucker,WR,LV,2026,1,MIA,2.7,2
00-0038573,Derius Davis,WR,LAC,2026,1,ARI,0.0,0
00-0038597,Chase Brown,RB,CIN,2026,1,TB,13.8,5
00-0038606,Parker Washington,WR,JAX,2026,1,CLE,14.3,5
00-0038608,Kayshon Boutte,WR,HOU,2026,1,BUF,2.1,1
00-0038611,Chris Rodriguez Jr.,RB,JAX,2026,1,CLE,2.3,0
00-0038618,Xavier Hutchinson,WR,HOU,2026,1,BUF,3.2,3
00-0038619,Andrei Iosivas,WR,CIN,2026,1,TB,1.2,2
00-0038621,DeMario Douglas,WR,NE,2026,1,SEA,2.0,5
00-0038685,Chris Brooks,RB,GB,2026,1,MIN,2.9,0
00-0038705,Emari Demercado,RB,DAL,2026,1,NYG,0.7,0
00-0038710,Blake Whiteheart,TE,CLE,2026,1,JAX,1.4,1
00-0038728,Jared Wayne,WR,HOU,2026,1,BUF,1.2,1
00-0038738,Hunter Luepke,RB,DAL,2026,1,NYG,0.7,0
00-0038783,Nate Adkins,TE,DEN,2026,1,KC,0.0,0
00-0038797,Emanuel Wilson,RB,SEA,2026,1,NE,0.3,0
00-0038840,Brycen Tremayne,WR,CAR,2026,1,CHI,0.0,0
00-0038896,Jacob Saylors,RB,DET,2026,1,NO,0.0,0
00-0038933,Dalton Kincaid,TE,BUF,2026,1,HOU,13.0,5
00-0038935,Brenton Strange,TE,JAX,2026,1,CLE,8.3,2
00-0038976,Marvin Mims Jr.,WR,DEN,2026,1,KC,0.0,0
00-0038994,Jordan Addison,WR,MIN,2026,1,GB,0.0,0
00-0038996,Tucker Kraft,TE,GB,2026,1,MIN,6.5,3
00-0038997,Josh Downs,WR,IND,2026,1,BAL,3.7,2
00-0039021,Roschon Johnson,RB,CHI,2026,1,CAR,0.0,0
00-0039032,Tyjae Spears,RB,TEN,2026,1,NYJ,2.4,2
00-0039040,De'Von Achane,RB,MIA,2026,1,LV,6.6,4
00-0039062,Jonathan Mingo,WR,DAL,2026,1,NYG,1.0,1
00-0039064,Zay Flowers,WR,BAL,2026,1,IND,21.0,5
00-0039065,Sam LaPorta,TE,DET,2026,1,NO,4.8,5
00-0039066,Michael Mayer,TE,LV,2026,1,MIA,3.2,6
00-0039067,Rashee Rice,WR,KC,2026,1,DEN,7.9,2
00-0039074,Davis Allen,TE,LA,2026,1,SF,1.3,1
00-0039075,Puka Nacua,WR,LA,2026,1,SF,7.4,5
00-0039107,Stetson Bennett,QB,LA,2026,1,SF,1.42,0
00-0039139,Jahmyr Gibbs,RB,DET,2026,1,NO,28.6,5
00-0039146,Jayden Reed,WR,GB,2026,1,MIN,2.0,3
00-0039150,Bryce Young,QB,CAR,2026,1,CHI,31.44,0
00-0039163,C.J. Stroud,QB,HOU,2026,1,BUF,16.46,0
00-0039299,George Holani,RB,SEA,2026,1,NE,2.9,0
00-0039337,Malik Nabers,WR,NYG,2026,1,DAL,6.9,6
00-0039342,Xavier Legette,WR,CAR,2026,1,CHI,0.0,0
00-0039344,Jonathon Brooks,RB,CAR,2026,1,CHI,6.2,1
00-0039359,Cade Stover,TE,HOU,2026,1,BUF,-0.2,1
00-0039361,Bucky Irving,RB,TB,2026,1,CIN,13.3,7
00-0039364,Sione Vaki,RB,DET,2026,1,NO,1.8,1
00-0039365,Jacob Cowing,WR,SF,2026,1,LA,0.0,0
00-0039384,Tyrone Tracy Jr.,RB,NYG,2026,1,DAL,-0.6,0
00-0039407,Dylan Laube,RB,LV,2026,1,MIA,0.0,0
00-0039410,Ryan Flournoy,WR,DAL,2026,1,NYG,2.2,2
00-0039424,Devaughn Vele,WR,NO,2026,1,DET,12.9,7
00-0039451,Isaiah Williams,WR,NYJ,2026,1,TEN,0.7,1
00-0039471,Frank Gore Jr.,RB,BUF,2026,1,HOU,0.3,0
00-0039491,Jalen Coker,WR,CAR,2026,1,CHI,25.8,8
00-0039518,Treyton Welch,TE,NO,2026,1,DET,0.0,0
00-0039530,Brevyn Spann-Ford,TE,DAL,2026,1,NYG,1.4,2
00-0039589,Kameron Johnson,WR,TB,2026,1,CIN,0.0,0
00-0039686,Colson Yankoff,TE,WAS,2026,1,PHI,0.0,0
00-0039732,Bo Nix,QB,DEN,2026,1,KC,5.44,0
00-0039738,Blake Corum,RB,LA,2026,1,SF,5.4,0
00-0039739,Roman Wilson,WR,PIT,2026,1,ATL,2.6,3
00-0039746,Will Shipley,RB,PHI,2026,1,WAS,1.2,1
00-0039751,Jordan Whittington,WR,LA,2026,1,SF,0.8,1
00-0039793,AJ Barner,TE,SEA,2026,1,NE,1.3,2
00-0039794,Braelon Allen,RB,NYJ,2026,1,TEN,4.0,0
00-0039796,Rasheen Ali,RB,BAL,2026,1,IND,0.0,0
00-0039811,MarShawn Lloyd,RB,GB,2026,1,MIN,3.7,0
00-0039847,Theo Johnson,TE,NYG,2026,1,DAL,0.9,1
00-0039849,Marvin Harrison Jr.,WR,ARI,2026,1,LAC,3.3,1
00-0039851,Drake Maye,QB,NE,2026,1,SEA,9.82,0
00-0039868,Troy Franklin,WR,DEN,2026,1,KC,0.5,0
00-0039874,Jaylen Wright,RB,MIA,2026,1,LV,-0.1,0
00-0039875,Ray Davis,RB,BUF,2026,1,HOU,0.3,0
00-0039880,Malik Washington,WR,MIA,2026,1,LV,3.3,3
00-0039890,Adonai Mitchell,WR,NYJ,2026,1,TEN,6.0,3
00-0039893,Brian Thomas Jr.,WR,JAX,2026,1,CLE,4.0,3
00-0039894,Xavier Worthy,WR,KC,2026,1,DEN,1.8,3
00-0039901,Keon Coleman,WR,BUF,2026,1,HOU,0.1,1
00-0039910,Jayden Daniels,QB,WAS,2026,1,PHI,17.66,0
00-0039915,Ladd McConkey,WR,LAC,2026,1,ARI,14.2,5
00-0039918,Caleb Williams,QB,CHI,2026,1,CAR,37.26,0
00-0039919,Rome Odunze,WR,CHI,2026,1,CAR,5.2,2
00-0039920,Malachi Corley,WR,CLE,2026,1,JAX,0.0,0
00-0040024,Darius Cooper,WR,PHI,2026,1,WAS,0.0,0
00-0040075,LaJohntay Wester,WR,BAL,2026,1,IND,1.5,2
00-0040081,Jake Briningstool,TE,KC,2026,1,DEN,0.9,1
00-0040122,Ashton Jeanty,RB,LV,2026,1,MIA,26.7,6
00-0040124,Tetairoa McMillan,WR,CAR,2026,1,CHI,5.5,5
00-0040126,Colston Loveland,TE,CHI,2026,1,CAR,0.0,0
00-0040128,Tyler Warren,TE,IND,2026,1,BAL,7.3,3
00-0040129,Emeka Egbuka,WR,TB,2026,1,CIN,6.3,5
00-0040131,Kyle Williams,WR,NE,2026,1,SEA,0.0,0
00-0040134,Pat Bryant,WR,DEN,2026,1,KC,4.2,4
00-0040138,Jaylin Noel,WR,HOU,2026,1,BUF,5.3,2
00-0040142,Kaleb Johnson,RB,GB,2026,1,MIN,0.0,0
00-0040162,Dylan Sampson,RB,CLE,2026,1,JAX,0.0,0
00-0040164,Jaylin Lane,WR,WAS,2026,1,PHI,0.4,1
00-0040170,Elic Ayomanor,WR,TEN,2026,1,NYJ,7.1,1
00-0040187,Mitchell Evans,TE,CAR,2026,1,CHI,0.9,1
00-0040189,Oronde Gadsden II,TE,LAC,2026,1,ARI,3.2,2
00-0040208,Tahj Brooks,RB,CIN,2026,1,TB,0.0,0
00-0040218,Jimmy Horn Jr.,WR,CAR,2026,1,CHI,0.0,0
00-0040236,Kyle Monangai,RB,CHI,2026,1,CAR,18.4,2
00-0040237,Tez Johnson,WR,TB,2026,1,CIN,-0.4,0
00-0040242,Jacory Croskey-Merritt,RB,WAS,2026,1,PHI,11.6,1
00-0040277,Jahdae Walker,WR,CHI,2026,1,CAR,6.1,1
00-0040363,Keleki Latu,TE,BUF,2026,1,HOU,0.0,0
00-0040429,Josh Williams,RB,TB,2026,1,CIN,0.0,0
00-0040466,Raheim Sanders,RB,CLE,2026,1,JAX,2.6,3
00-0040506,Myles Price,WR,MIN,2026,1,GB,0.0,0
00-0040556,Corey Kiner,RB,NE,2026,1,SEA,1.1,0
00-0040568,Lan Larison,RB,NE,2026,1,SEA,0.9,2
00-0040582,Arian Smith,WR,NYJ,2026,1,TEN,0.0,0
00-0040583,Woody Marks,RB,HOU,2026,1,BUF,4.0,1
00-0040584,Gunnar Helm,TE,TEN,2026,1,NYJ,2.8,4
00-0040590,Konata Mumpfield,WR,LA,2026,1,SF,0.0,0
00-0040621,Montorie Foster Jr,WR,SEA,2026,1,NE,0.0,0
00-0040646,Jalen Royals,WR,KC,2026,1,DEN,0.0,0
00-0040663,Harold Fannin Jr.,TE,CLE,2026,1,JAX,2.1,2
00-0040666,Omarion Hampton,RB,LAC,2026,1,ARI,8.3,0
00-0040667,Matthew Golden,WR,GB,2026,1,MIN,9.5,6
00-0040669,Isaac TeSlaa,WR,DET,2026,1,NO,0.0,0
00-0040676,Cam Ward,QB,TEN,2026,1,NYJ,11.7,0
00-0040691,Jaxson Dart,QB,NYG,2026,1,DAL,26.6,0
00-0040705,Chimere Dike,WR,TEN,2026,1,NYJ,0.7,1
00-0040715,Cam Skattebo,RB,NYG,2026,1,DAL,14.1,0
00-0040719,Bhayshul Tuten,RB,JAX,2026,1,CLE,8.8,1
00-0040727,Tre Harris,WR,LAC,2026,1,ARI,2.0,3
00-0040729,Jack Bech,WR,LV,2026,1,MIA,8.3,3
00-0040730,RJ Harvey,RB,DEN,2026,1,KC,4.1,4
00-0040735,Luther Burden III,WR,CHI,2026,1,CAR,4.5,5
00-0040736,Mason Taylor,TE,NYJ,2026,1,TEN,-0.2,2
00-0040737,Terrance Ferguson,TE,LA,2026,1,SF,0.0,0
00-0040743,Tyler Shough,QB,NO,2026,1,DET,23.2,0
00-0040784,Quinshon Judkins,RB,CLE,2026,1,JAX,5.0,2
00-0040785,Dohnte Meyers,WR,CIN,2026,1,TB,2.8,1
00-0040867,Makai Lemon,WR,PHI,2026,1,WAS,-0.5,3
00-0040870,Ja'Kobi Lane,WR,BAL,2026,1,IND,1.1,1
00-0040878,Mike Washington Jr.,RB,LV,2026,1,MIA,4.1,0
00-0040879,Matthew Hibner,TE,BAL,2026,1,IND,1.3,1
00-0040890,Cyrus Allen,WR,KC,2026,1,DEN,0.0,0
00-0040894,Malik Benson,WR,LV,2026,1,MIA,-0.2,1
00-0041013,Emmett Johnson,RB,KC,2026,1,DEN,6.8,2
00-0041027,Jeremiyah Love,RB,ARI,2026,1,LAC,11.0,2
00-0041032,Kenyon Sadiq,TE,NYJ,2026,1,TEN,8.4,3
00-0041037,Denzel Boston,WR,CLE,2026,1,JAX,11.9,2
00-0041040,Antonio Williams,WR,WAS,2026,1,PHI,12.4,4
00-0041042,Malachi Fields,WR,NYG,2026,1,DAL,2.5,2
00-0041044,Zachariah Branch,WR,ATL,2026,1,PIT,0.0,0
00-0041048,Ted Hurst III,WR,TB,2026,1,CIN,3.6,3
00-0041052,Kaelon Black,RB,SF,2026,1,LA,7.0,1
00-0041067,Bryce Lance,WR,NO,2026,1,DET,4.2,3
00-0041094,Bauer Sharp,TE,TB,2026,1,CIN,0.0,0
00-0041096,Kaytron Allen,RB,WAS,2026,1,PHI,1.6,0
00-0041099,Barion Brown,WR,NO,2026,1,DET,0.3,0
00-0041100,Josh Cameron,WR,JAX,2026,1,CLE,8.0,2
00-0041125,Seth McGowan,RB,IND,2026,1,BAL,0.0,1
00-0041131,Carsen Ryan,TE,CLE,2026,1,JAX,0.0,0
00-0041326,CJ Donaldson,RB,NO,2026,1,DET,0.2,1
00-0041395,Eli Raridon,TE,NE,2026,1,SEA,6.2,1
00-0041397,Kaden Wetjen,WR,PIT,2026,1,ATL,0.0,0
00-0041438,Carnell Tate,WR,TEN,2026,1,NYJ,3.8,4
00-0041472,Marlin Klein,TE,HOU,2026,1,BUF,1.6,1
00-0041490,Eli Heidenreich,RB,PIT,2026,1,ATL,0.0,0
00-0041496,Jonah Coleman,RB,DEN,2026,1,KC,0.0,0
00-0041503,Nate Boerkircher,TE,JAX,2026,1,CLE,0.9,1
00-0041511,Omar Cooper Jr.,WR,NYJ,2026,1,TEN,3.0,1
00-0041512,Jadarian Price,RB,SEA,2026,1,NE,5.8,2
00-0041523,Caleb Douglas,WR,MIA,2026,1,LV,9.4,5
00-0041524,Will Kacmarek,TE,MIA,2026,1,LV,0.0,0
00-0041525,Chris Bell,WR,MIA,2026,1,LV,2.5,1
00-0041529,Kevin Coleman Jr.,WR,MIA,2026,1,LV,0.0,0
00-0041547,KC Concepcion,WR,CLE,2026,1,JAX,3.8,4
00-0023459,Aaron Rodgers,QB,PIT,2026,2,NE,3.98,0
00-0026498,Matthew Stafford,QB,LA,2026,2,NYG,26.98,0
00-0029604,Kirk Cousins,QB,LV,2026,2,LAC,20.22,0
00-0030279,Keenan Allen,WR,IND,2026,2,KC,0.5,1
00-0030506,Travis Kelce,TE,KC,2026,2,IND,16.1,9
00-0030565,Geno Smith,QB,NYJ,2026,2,GB,15.58,0
00-0031381,Davante Adams,WR,LA,2026,2,NYG,31.5,8
00-0031408,Mike Evans,WR,SF,2026,2,MIA,5.4,3
00-0031503,Jameis Winston,QB,NYG,2026,2,LA,2.54,0
00-0031588,Stefon Diggs,WR,WAS,2026,2,DAL,16.7,5
00-0031610,Darren Waller,TE,CAR,2026,2,ATL,15.3,3
00-0032104,Ameer Abdullah,RB,JAX,2026,2,DEN,1.3,1
00-0032268,Marcus Mariota,QB,WAS,2026,2,DAL,8.74,0
00-0032392,Austin Hooper,TE,ATL,2026,2,CAR,2.0,2
00-0032398,Chris Moore,WR,BAL,2026,2,NO,0.6,1
00-0032464,Kalif Raymond,WR,CHI,2026,2,MIN,4.0,5
00-0032764,Derrick Henry,RB,BAL,2026,2,NO,14.7,3
00-0032775,Demarcus Robinson,WR,SF,2026,2,MIA,3.4,3
00-0032950,Carson Wentz,QB,MIN,2026,2,CHI,6.32,0
00-0032951,Laquon Treadwell,WR,IND,2026,2,KC,6.1,3
00-0033077,Dak Prescott,QB,DAL,2026,2,WAS,29.76,0
00-0033090,Hunter Henry,TE,NE,2026,2,PIT,4.0,3
00-0033106,Jared Goff,QB,DET,2026,2,BUF,29.78,0
00-0033119,Jacoby Brissett,QB,ARI,2026,2,SEA,6.5,0
00-0033246,Johnny Mundt,TE,PHI,2026,2,TEN,0.8,2
00-0033280,Christian McCaffrey,RB,SF,2026,2,MIA,18.6,4
00-0033288,George Kittle,TE,SF,2026,2,MIA,14.0,4
00-0033293,Aaron Jones,RB,MIN,2026,2,CHI,10.5,0
00-0033307,Kendrick Bourne,WR,ARI,2026,2,SEA,1.1,2
00-0033526,Samaje Perine,RB,CIN,2026,2,HOU,2.2,1
00-0033537,Deshaun Watson,QB,CLE,2026,2,TB,19.72,0
00-0033555,Mack Hollins,WR,NE,2026,2,PIT,1.8,2
00-0033576,Eric Saubert,TE,SEA,2026,2,ARI,-1.0,1
00-0033662,Cooper Rush,QB,ATL,2026,2,CAR,-0.56,0
00-0033873,Patrick Mahomes,QB,KC,2026,2,IND,28.98,0
00-0033881,Evan Engram,TE,DEN,2026,2,JAX,1.7,1
00-0033885,David Njoku,TE,LAC,2026,2,LV,0.9,1
00-0033906,Alvin Kamara,RB,NO,2026,2,BAL,2.2,5
00-0033908,Cooper Kupp,WR,SEA,2026,2,ARI,2.0,2
00-0033921,Chris Godwin Jr.,WR,TB,2026,2,CLE,5.8,3
00-0034348,Courtland Sutton,WR,DEN,2026,2,JAX,2.5,3
00-0034351,Dallas Goedert,TE,PHI,2026,2,TEN,0.4,1
00-0034365,Ian Thomas,TE,LV,2026,2,LAC,1.1,1
00-0034383,Dalton Schultz,TE,HOU,2026,2,CIN,14.0,12
00-0034419,Braxton Berrios,WR,NYG,2026,2,LA,0.0,0
00-0034753,Mark Andrews,TE,BAL,2026,2,NO,4.9,6
00-0034771,Mason Rudolph,QB,PIT,2026,2,NE,0.3,0
00-0034796,Lamar Jackson,QB,BAL,2026,2,NO,14.8,0
00-0034798,Durham Smythe,TE,BAL,2026,2,NO,0.0,0
00-0034827,DJ Moore,WR,BUF,2026,2,DET,-0.1,0
00-0034837,Calvin Ridley,WR,TEN,2026,2,PHI,3.5,2
00-0034844,Saquon Barkley,RB,PHI,2026,2,TEN,2.0,1
00-0034854,KhaDarel Hodge,WR,SF,2026,2,MIA,1.8,1
00-0034855,Baker Mayfield,QB,TB,2026,2,CLE,12.18,0
00-0034857,Josh Allen,QB,BUF,2026,2,DET,40.82,0
00-0034960,Jakobi Meyers,WR,JAX,2026,2,DEN,2.8,1
00-0034975,Justice Hill,RB,BAL,2026,2,NO,1.8,2
00-0034981,Foster Moreau,TE,HOU,2026,2,CIN,3.4,2
00-0035208,Olamide Zaccheaus,WR,ATL,2026,2,CAR,0.3,1
00-0035229,T.J. Hockenson,TE,MIN,2026,2,CHI,2.9,3
00-0035249,Josh Oliver,TE,MIN,2026,2,CHI,2.4,1
00-0035250,Devin Singletary,RB,NYG,2026,2,LA,0.9,0
00-0035261,Tony Pollard,RB,TEN,2026,2,PHI,6.5,1
00-0035406,Lil'Jordan Humphrey,WR,DEN,2026,2,JAX,0.0,0
00-0035500,Greg Dortch,WR,BUF,2026,2,DET,0.0,0
00-0035544,Tom Kennedy,WR,DET,2026,2,BUF,0.0,0
00-0035594,Travis Homer,RB,PIT,2026,2,NE,1.6,0
00-0035640,DK Metcalf,WR,PIT,2026,2,NE,2.7,4
00-0035644,Noah Fant,TE,NO,2026,2,BAL,0.0,0
00-0035659,Terry McLaurin,WR,WAS,2026,2,DAL,5.0,2
00-0035662,Marquise Brown,WR,PHI,2026,2,TEN,1.2,0
00-0035685,David Montgomery,RB,HOU,2026,2,CIN,2.4,2
00-0035689,Dawson Knox,TE,BUF,2026,2,DET,6.5,2
00-0035704,Drew Lock,QB,SEA,2026,2,ARI,21.4,0
00-0035710,Daniel Jones,QB,IND,2026,2,KC,11.4,0
00-0035719,Deebo Samuel Sr.,WR,SF,2026,2,MIA,3.5,3
00-0035891,Cody White,WR,LV,2026,2,LAC,14.4,2
00-0036040,Juwan Johnson,TE,NO,2026,2,BAL,6.6,4
00-0036139,Rico Dowdle,RB,PIT,2026,2,NE,4.4,2
00-0036158,J.K. Dobbins,RB,DEN,2026,2,JAX,3.6,0
00-0036187,Reggie Gilliam,RB,NE,2026,2,PIT,0.4,1
00-0036223,Jonathan Taylor,RB,IND,2026,2,KC,25.2,4
00-0036244,Colby Parkinson,TE,LA,2026,2,NYG,1.5,2
00-0036264,Jordan Love,QB,GB,2026,2,NYJ,13.8,0
00-0036265,AJ Dillon,RB,CAR,2026,2,ATL,-0.3,0
00-0036275,D'Andre Swift,RB,CHI,2026,2,MIN,7.9,5
00-0036290,Cole Kmet,TE,CHI,2026,2,MIN,0.0,0
00-0036309,Darnell Mooney,WR,NYG,2026,2,LA,4.8,2
00-0036322,Justin Jefferson,WR,MIN,2026,2,CHI,5.5,3
00-0036331,Devin Duvernay,WR,ARI,2026,2,SEA,0.0,0
00-0036355,Justin Herbert,QB,LAC,2026,2,LV,7.88,0
00-0036358,CeeDee Lamb,WR,DAL,2026,2,WAS,27.3,8
00-0036389,Jalen Hurts,QB,PHI,2026,2,TEN,16.16,0
00-0036407,Jerry Jeudy,WR,CLE,2026,2,TB,0.0,0
00-0036410,Tee Higgins,WR,CIN,2026,2,HOU,9.5,5
00-0036425,DeeJay Dallas,RB,MIN,2026,2,CHI,2.0,1
00-0036429,Charlie Woerner,TE,ATL,2026,2,CAR,0.0,0
00-0036442,Joe Burrow,QB,CIN,2026,2,HOU,16.18,0
00-0036463,Chris Blair,WR,ATL,2026,2,CAR,0.6,1
00-0036550,Rashod Bateman,WR,BAL,2026,2,NO,14.8,7
00-0036555,Chuba Hubbard,RB,CAR,2026,2,ATL,12.4,2
00-0036590,Quintin Morris,TE,JAX,2026,2,DEN,0.7,1
00-0036613,Jaylen Waddle,WR,DEN,2026,2,JAX,13.8,8
00-0036626,Dyami Brown,WR,WAS,2026,2,DAL,0.1,4
00-0036637,Noah Gray,TE,KC,2026,2,IND,0.0,0
00-0036754,Brock Wright,TE,DET,2026,2,BUF,0.0,0
00-0036825,Feleipe Franks,TE,CAR,2026,2,ATL,0.0,0
00-0036849,Tutu Atwell,WR,LA,2026,2,NYG,1.9,1
00-0036862,Ben Skowronek,WR,PIT,2026,2,NE,0.2,1
00-0036875,Rhamondre Stevenson,RB,NE,2026,2,PIT,2.6,1
00-0036887,Luke Farrell,TE,SF,2026,2,MIA,0.0,0
00-0036893,Najee Harris,RB,NYG,2026,2,LA,0.6,0
00-0036894,Pat Freiermuth,TE,PIT,2026,2,NE,3.4,4
00-0036900,Ja'Marr Chase,WR,CIN,2026,2,HOU,19.5,7
00-0036912,DeVonta Smith,WR,PHI,2026,2,TEN,17.7,10
00-0036919,Kenny Gainwell,RB,TB,2026,2,CLE,1.5,3
00-0036963,Amon-Ra St. Brown,WR,DET,2026,2,BUF,26.2,9
00-0036970,Kyle Pitts,TE,ATL,2026,2,CAR,1.5,1
00-0036971,Trevor Lawrence,QB,JAX,2026,2,DEN,6.16,0
00-0036972,Mac Jones,QB,SF,2026,2,MIA,-0.2,0
00-0036973,Travis Etienne,RB,NO,2026,2,BAL,5.1,2
00-0036988,Josh Palmer,WR,BUF,2026,2,DET,10.3,1
00-0036997,Javonte Williams,RB,DAL,2026,2,WAS,5.0,3
00-0037004,Hunter Long,TE,ARI,2026,2,SEA,0.0,0
00-0037005,Tommy Tremble,TE,CAR,2026,2,ATL,0.4,1
00-0037085,Tyler Badie,RB,DEN,2026,2,JAX,2.9,2
00-0037091,Bo Melton,WR,GB,2026,2,NYJ,0.0,0
00-0037093,Dareke Young,WR,LV,2026,2,LAC,2.7,1
00-0037132,Britain Covey,WR,PHI,2026,2,TEN,0.0,0
00-0037157,Bam Knight,RB,ARI,2026,2,SEA,2.4,0
00-0037228,Jaylen Warren,RB,PIT,2026,2,NE,7.7,2
00-0037231,Kevin Austin Jr.,WR,NO,2026,2,BAL,0.7,1
00-0037238,Drake London,WR,ATL,2026,2,CAR,4.9,4
00-0037239,Chris Olave,WR,NO,2026,2,BAL,14.6,8
00-0037240,Jameson Williams,WR,DET,2026,2,BUF,3.3,2
00-0037247,George Pickens,WR,DAL,2026,2,WAS,4.0,6
00-0037248,James Cook,RB,BUF,2026,2,DET,19.9,1
00-0037252,Greg Dulcich,TE,MIA,2026,2,SF,1.7,2
00-0037256,Rachaad White,RB,WAS,2026,2,DAL,8.3,6
00-0037261,Khalil Shakir,WR,BUF,2026,2,DET,3.8,3
00-0037263,Tyler Allgeier,RB,ARI,2026,2,SEA,1.9,2
00-0037291,Jalen Nailor,WR,LV,2026,2,LAC,0.9,1
00-0037292,Andrew Ogletree,TE,IND,2026,2,KC,0.0,0
00-0037524,Tay Martin,WR,DET,2026,2,BUF,0.0,0
00-0037545,Rashid Shaheed,WR,SEA,2026,2,ARI,3.9,3
00-0037594,Julius Chestnut,RB,TEN,2026,2,PHI,0.0,0
00-0037614,John Metchie III,WR,CAR,2026,2,ATL,0.0,0
00-0037664,Alec Pierce,WR,IND,2026,2,KC,1.1,1
00-0037740,Garrett Wilson,WR,NYJ,2026,2,GB,11.7,5
00-0037741,Jahan Dotson,WR,ATL,2026,2,CAR,1.1,2
00-0037742,Treylon Burks,WR,WAS,2026,2,DAL,0.0,0
00-0037744,Trey McBride,TE,ARI,2026,2,SEA,10.1,8
00-0037746,Brian Robinson,RB,ATL,2026,2,CAR,6.7,2
00-0037801,KaVontae Turpin,WR,DAL,2026,2,WAS,0.1,0
00-0037805,Jeremy Ruckert,TE,NYJ,2026,2,GB,0.5,2
00-0037816,Romeo Doubs,WR,NE,2026,2,PIT,9.6,3
00-0037834,Brock Purdy,QB,SF,2026,2,MIA,28.48,0
00-0037838,Isaiah Likely,TE,NYG,2026,2,LA,3.3,5
00-0037840,Kyren Williams,RB,LA,2026,2,NYG,13.7,2
00-0038041,Jake Ferguson,TE,DAL,2026,2,WAS,16.3,4
00-0038046,Charlie Kolar,TE,LAC,2026,2,LV,2.1,3
00-0038090,Skyy Moore,WR,GB,2026,2,NYJ,0.6,2
00-0038102,Kenny Pickett,QB,CAR,2026,2,ATL,-0.4,0
00-0038104,Tyquan Thornton,WR,KC,2026,2,IND,8.6,4
00-0038115,Daniel Bellinger,TE,TEN,2026,2,PHI,0.0,0
00-0038117,Wan'Dale Robinson,WR,TEN,2026,2,PHI,0.9,1
00-0038120,Breece Hall,RB,NYJ,2026,2,GB,9.2,5
00-0038124,Christian Watson,WR,GB,2026,2,NYJ,10.1,4
00-0038128,Malik Willis,QB,MIA,2026,2,SF,12.48,0
00-0038129,Cade Otton,TE,TB,2026,2,CLE,3.8,5
00-0038134,Kenneth Walker III,RB,KC,2026,2,IND,17.8,6
00-0038359,Xavier Smith,WR,LA,2026,2,NYG,0.0,0
00-0038393,Dontayvion Wicks,WR,PHI,2026,2,TEN,7.4,5
00-0038416,Tyson Bagent,QB,CHI,2026,2,MIN,2.16,0
00-0038454,Keaton Mitchell,RB,LAC,2026,2,LV,3.9,1
00-0038519,Nikko Remigio,WR,KC,2026,2,IND,0.0,0
00-0038542,Bijan Robinson,RB,ATL,2026,2,CAR,8.1,3
00-0038543,Jaxon Smith-Njigba,WR,SEA,2026,2,ARI,33.5,9
00-0038544,Quentin Johnston,WR,LAC,2026,2,LV,1.4,1
00-0038555,Tank Bigsby,RB,PHI,2026,2,TEN,9.8,2
00-0038558,Darnell Washington,TE,PIT,2026,2,NE,0.7,1
00-0038559,Michael Wilson,WR,ARI,2026,2,SEA,1.8,2
00-0038563,Tre Tucker,WR,LV,2026,2,LAC,17.9,5
00-0038564,Cameron Latu,TE,NE,2026,2,PIT,0.0,0
00-0038573,Derius Davis,WR,LAC,2026,2,LV,0.0,0
00-0038597,Chase Brown,RB,CIN,2026,2,HOU,8.2,3
00-0038606,Parker Washington,WR,JAX,2026,2,DEN,9.8,7
00-0038608,Kayshon Boutte,WR,HOU,2026,2,CIN,3.7,3
00-0038611,Chris Rodriguez Jr.,RB,JAX,2026,2,DEN,1.3,0
00-0038618,Xavier Hutchinson,WR,HOU,2026,2,CIN,3.7,3
00-0038619,Andrei Iosivas,WR,CIN,2026,2,HOU,0.7,1
00-0038621,DeMario Douglas,WR,NE,2026,2,PIT,0.9,1
00-0038640,Jalen Brooks,WR,ARI,2026,2,SEA,0.0,0
00-0038643,Brayden Willis,TE,SF,2026,2,MIA,0.0,0
00-0038685,Chris Brooks,RB,GB,2026,2,NYJ,2.6,1
00-0038705,Emari Demercado,RB,DAL,2026,2,WAS,0.8,0
00-0038710,Blake Whiteheart,TE,CLE,2026,2,TB,7.7,1
00-0038728,Jared Wayne,WR,HOU,2026,2,CIN,3.3,2
00-0038738,Hunter Luepke,RB,DAL,2026,2,WAS,0.1,0
00-0038783,Nate Adkins,TE,DEN,2026,2,JAX,9.8,3
00-0038794,Jaleel McLaughlin,RB,CLE,2026,2,TB,0.3,0
00-0038797,Emanuel Wilson,RB,SEA,2026,2,ARI,9.2,0
00-0038824,Ryan Miller,WR,MIA,2026,2,SF,13.7,1
00-0038840,Brycen Tremayne,WR,CAR,2026,2,ATL,0.0,0
00-0038896,Jacob Saylors,RB,DET,2026,2,BUF,0.0,0
00-0038933,Dalton Kincaid,TE,BUF,2026,2,DET,15.5,7
00-0038935,Brenton Strange,TE,JAX,2026,2,DEN,1.7,2
00-0038994,Jordan Addison,WR,MIN,2026,2,CHI,2.1,2
00-0038996,Tucker Kraft,TE,GB,2026,2,NYJ,1.5,2
00-0038997,Josh Downs,WR,IND,2026,2,KC,7.2,7
00-0039032,Tyjae Spears,RB,TEN,2026,2,PHI,7.0,2
00-0039040,De'Von Achane,RB,MIA,2026,2,SF,9.3,3
00-0039041,Elijah Higgins,TE,ARI,2026,2,SEA,0.0,0
00-0039065,Sam LaPorta,TE,DET,2026,2,BUF,11.2,6
00-0039066,Michael Mayer,TE,LV,2026,2,LAC,2.3,3
00-0039067,Rashee Rice,WR,KC,2026,2,IND,8.3,4
00-0039074,Davis Allen,TE,LA,2026,2,NYG,0.7,1
00-0039139,Jahmyr Gibbs,RB,DET,2026,2,BUF,17.3,6
00-0039146,Jayden Reed,WR,GB,2026,2,NYJ,0.4,1
00-0039150,Bryce Young,QB,CAR,2026,2,ATL,24.08,0
00-0039163,C.J. Stroud,QB,HOU,2026,2,CIN,17.02,0
00-0039299,George Holani,RB,SEA,2026,2,ARI,1.5,1
00-0039337,Malik Nabers,WR,NYG,2026,2,LA,0.1,1
00-0039342,Xavier Legette,WR,CAR,2026,2,ATL,6.4,2
00-0039344,Jonathon Brooks,RB,CAR,2026,2,ATL,1.1,1
00-0039361,Bucky Irving,RB,TB,2026,2,CLE,9.0,4
00-0039364,Sione Vaki,RB,DET,2026,2,BUF,2.0,1
00-0039365,Jacob Cowing,WR,SF,2026,2,MIA,0.0,0
00-0039384,Tyrone Tracy Jr.,RB,NYG,2026,2,LA,0.0,0
00-0039391,Kimani Vidal,RB,LAC,2026,2,LV,0.0,0
00-0039407,Dylan Laube,RB,LV,2026,2,LAC,0.0,0
00-0039410,Ryan Flournoy,WR,DAL,2026,2,WAS,2.3,5
00-0039424,Devaughn Vele,WR,NO,2026,2,BAL,6.4,5
00-0039451,Isaiah Williams,WR,NYJ,2026,2,GB,4.8,6
00-0039491,Jalen Coker,WR,CAR,2026,2,ATL,6.6,8
00-0039530,Brevyn Spann-Ford,TE,DAL,2026,2,WAS,0.0,0
00-0039589,Kameron Johnson,WR,TB,2026,2,CLE,0.0,0
00-0039603,British Brooks,RB,HOU,2026,2,CIN,0.0,0
00-0039686,Colson Yankoff,TE,WAS,2026,2,DAL,1.4,1
00-0039732,Bo Nix,QB,DEN,2026,2,JAX,14.12,0
00-0039738,Blake Corum,RB,LA,2026,2,NYG,9.2,1
00-0039739,Roman Wilson,WR,PIT,2026,2,NE,2.8,5
00-0039746,Will Shipley,RB,PHI,2026,2,TEN,2.9,2
00-0039792,Devontez Walker,WR,BAL,2026,2,NO,4.7,1
00-0039793,AJ Barner,TE,SEA,2026,2,ARI,6.9,1
00-0039794,Braelon Allen,RB,NYJ,2026,2,GB,7.5,1
00-0039796,Rasheen Ali,RB,BAL,2026,2,NO,0.0,0
00-0039798,Isaiah Davis,RB,NYJ,2026,2,GB,0.0,0
00-0039811,MarShawn Lloyd,RB,GB,2026,2,NYJ,6.6,2
00-0039814,Erick All,TE,CIN,2026,2,HOU,0.5,2
00-0039816,Anthony Gould,WR,IND,2026,2,KC,0.0,0
00-0039847,Theo Johnson,TE,NYG,2026,2,LA,0.0,0
00-0039849,Marvin Harrison Jr.,WR,ARI,2026,2,SEA,0.0,0
00-0039851,Drake Maye,QB,NE,2026,2,PIT,8.02,0
00-0039868,Troy Franklin,WR,DEN,2026,2,JAX,2.7,1
00-0039874,Jaylen Wright,RB,MIA,2026,2,SF,1.1,0
00-0039875,Ray Davis,RB,BUF,2026,2,DET,0.0,0
00-0039880,Malik Washington,WR,MIA,2026,2,SF,4.7,4
00-0039890,Adonai Mitchell,WR,NYJ,2026,2,GB,6.3,6
00-0039893,Brian Thomas Jr.,WR,JAX,2026,2,DEN,4.0,3
00-0039894,Xavier Worthy,WR,KC,2026,2,IND,8.5,5
00-0039901,Keon Coleman,WR,BUF,2026,2,DET,6.3,6
00-0039910,Jayden Daniels,QB,WAS,2026,2,DAL,14.74,0
00-0039912,Ben Sinnott,TE,WAS,2026,2,DAL,0.6,1
00-0039915,Ladd McConkey,WR,LAC,2026,2,LV,3.5,3
00-0039918,Caleb Williams,QB,CHI,2026,2,MIN,7.72,0
00-0039919,Rome Odunze,WR,CHI,2026,2,MIN,4.3,3
00-0039920,Malachi Corley,WR,CLE,2026,2,TB,0.0,0
00-0040024,Darius Cooper,WR,PHI,2026,2,TEN,8.6,2
00-0040075,LaJohntay Wester,WR,BAL,2026,2,NO,1.4,1
00-0040078,Brashard Smith,RB,KC,2026,2,IND,0.0,0
00-0040122,Ashton Jeanty,RB,LV,2026,2,LAC,6.3,4
00-0040124,Tetairoa McMillan,WR,CAR,2026,2,ATL,10.1,5
00-0040126,Colston Loveland,TE,CHI,2026,2,MIN,0.3,1
00-0040128,Tyler Warren,TE,IND,2026,2,KC,8.4,6
00-0040129,Emeka Egbuka,WR,TB,2026,2,CLE,7.3,3
00-0040131,Kyle Williams,WR,NE,2026,2,PIT,1.0,1
00-0040134,Pat Bryant,WR,DEN,2026,2,JAX,1.6,0
00-0040138,Jaylin Noel,WR,HOU,2026,2,CIN,4.4,1
00-0040142,Kaleb Johnson,RB,GB,2026,2,NYJ,3.2,0
00-0040164,Jaylin Lane,WR,WAS,2026,2,DAL,0.0,0
00-0040170,Elic Ayomanor,WR,TEN,2026,2,PHI,6.9,2
00-0040177,Jordan James,RB,SF,2026,2,MIA,1.5,0
00-0040187,Mitchell Evans,TE,CAR,2026,2,ATL,1.3,1
00-0040189,Oronde Gadsden II,TE,LAC,2026,2,LV,7.8,2
00-0040198,Ollie Gordon II,RB,MIA,2026,2,SF,0.7,0
00-0040236,Kyle Monangai,RB,CHI,2026,2,MIN,5.8,2
00-0040237,Tez Johnson,WR,TB,2026,2,CLE,4.9,1
00-0040238,LeQuint Allen Jr.,RB,JAX,2026,2,DEN,0.0,0
00-0040242,Jacory Croskey-Merritt,RB,WAS,2026,2,DAL,4.8,1
00-0040363,Keleki Latu,TE,BUF,2026,2,DET,0.0,0
00-0040466,Raheim Sanders,RB,CLE,2026,2,TB,1.1,1
00-0040506,Myles Price,WR,MIN,2026,2,CHI,0.0,0
00-0040556,Corey Kiner,RB,NE,2026,2,PIT,0.0,0
00-0040563,Efton Chism III,WR,NE,2026,2,PIT,-0.2,1
00-0040582,Arian Smith,WR,NYJ,2026,2,GB,0.0,0
00-0040583,Woody Marks,RB,HOU,2026,2,CIN,3.5,5
00-0040584,Gunnar Helm,TE,TEN,2026,2,PHI,1.3,2
00-0040590,Konata Mumpfield,WR,LA,2026,2,NYG,1.2,1
00-0040646,Jalen Royals,WR,KC,2026,2,IND,6.6,2
00-0040663,Harold Fannin Jr.,TE,CLE,2026,2,TB,5.4,5
00-0040666,Omarion Hampton,RB,LAC,2026,2,LV,15.5,2
00-0040667,Matthew Golden,WR,GB,2026,2,NYJ,5.8,4
00-0040669,Isaac TeSlaa,WR,DET,2026,2,BUF,2.6,2
00-0040676,Cam Ward,QB,TEN,2026,2,PHI,20.02,0
00-0040691,Jaxson Dart,QB,NYG,2026,2,LA,0.8,0
00-0040705,Chimere Dike,WR,TEN,2026,2,PHI,0.0,0
00-0040715,Cam Skattebo,RB,NYG,2026,2,LA,5.5,4
00-0040719,Bhayshul Tuten,RB,JAX,2026,2,DEN,12.2,2
00-0040727,Tre Harris,WR,LAC,2026,2,LV,5.3,1
00-0040729,Jack Bech,WR,LV,2026,2,LAC,2.5,2
00-0040734,TreVeyon Henderson,RB,NE,2026,2,PIT,13.6,0
00-0040735,Luther Burden III,WR,CHI,2026,2,MIN,3.2,3
00-0040737,Terrance Ferguson,TE,LA,2026,2,NYG,11.4,6
00-0040739,Elijah Arroyo,TE,SEA,2026,2,ARI,1.7,1
00-0040743,Tyler Shough,QB,NO,2026,2,BAL,22.38,0
00-0040782,Isaiah Bond,WR,CLE,2026,2,TB,1.0,1
00-0040784,Quinshon Judkins,RB,CLE,2026,2,TB,4.8,5
00-0040785,Dohnte Meyers,WR,CIN,2026,2,HOU,0.0,0
00-0040867,Makai Lemon,WR,PHI,2026,2,TEN,0.9,1
00-0040878,Mike Washington Jr.,RB,LV,2026,2,LAC,0.7,0
00-0040886,Nicholas Singleton,RB,TEN,2026,2,PHI,1.0,0
00-0040894,Malik Benson,WR,LV,2026,2,LAC,0.0,0
00-0040948,J. Michael Sturdivant,WR,GB,2026,2,NYJ,0.0,0
00-0041013,Emmett Johnson,RB,KC,2026,2,IND,3.5,2
00-0041027,Jeremiyah Love,RB,ARI,2026,2,SEA,4.5,3
00-0041032,Kenyon Sadiq,TE,NYJ,2026,2,GB,1.7,2
00-0041037,Denzel Boston,WR,CLE,2026,2,TB,15.5,5
00-0041040,Antonio Williams,WR,WAS,2026,2,DAL,2.4,3
00-0041041,Oscar Delp,TE,NO,2026,2,BAL,0.8,1
00-0041042,Malachi Fields,WR,NYG,2026,2,LA,3.0,2
00-0041044,Zachariah Branch,WR,ATL,2026,2,CAR,1.4,2
00-0041048,Ted Hurst III,WR,TB,2026,2,CLE,2.7,2
00-0041051,Zavion Thomas,WR,CHI,2026,2,MIN,0.0,0
00-0041052,Kaelon Black,RB,SF,2026,2,MIA,2.5,0
00-0041067,Bryce Lance,WR,NO,2026,2,BAL,0.8,1
00-0041069,Colbie Young,WR,CIN,2026,2,HOU,0.7,1
00-0041096,Kaytron Allen,RB,WAS,2026,2,DAL,2.4,0
00-0041099,Barion Brown,WR,NO,2026,2,BAL,0.0,0
00-0041100,Josh Cameron,WR,JAX,2026,2,DEN,0.0,0
00-0041104,Demond Claiborne,RB,MIN,2026,2,CHI,0.2,1
00-0041125,Seth McGowan,RB,IND,2026,2,KC,0.0,0
00-0041132,Deion Burks,WR,IND,2026,2,KC,1.4,0
00-0041194,Jack Strand,QB,ATL,2026,2,CAR,-0.04,0
00-0041326,CJ Donaldson,RB,NO,2026,2,BAL,0.2,0
00-0041395,Eli Raridon,TE,NE,2026,2,PIT,3.0,1
00-0041397,Kaden Wetjen,WR,PIT,2026,2,NE,0.0,0
00-0041436,DJ Herman,RB,MIA,2026,2,SF,1.8,1
00-0041438,Carnell Tate,WR,TEN,2026,2,PHI,2.7,3
00-0041489,Germie Bernard,WR,PIT,2026,2,NE,3.5,4
00-0041490,Eli Heidenreich,RB,PIT,2026,2,NE,0.0,0
00-0041496,Jonah Coleman,RB,DEN,2026,2,JAX,11.8,3
00-0041512,Jadarian Price,RB,SEA,2026,2,ARI,4.0,1
00-0041523,Caleb Douglas,WR,MIA,2026,2,SF,1.9,2
00-0041524,Will Kacmarek,TE,MIA,2026,2,SF,0.4,1
00-0041525,Chris Bell,WR,MIA,2026,2,SF,0.0,0
00-0041547,KC Concepcion,WR,CLE,2026,2,TB,2.2,6
00-0041550,Brenen Thompson,WR,LAC,2026,2,LV,1.3,1
00-0041558,Sam Roush,TE,CHI,2026,2,MIN,0.9,1
00-0023459,Aaron Rodgers,QB,PIT,2026,3,CIN,22.68,0
00-0026498,Matthew Stafford,QB,LA,2026,3,DEN,20.9,0
00-0027973,Andy Dalton,QB,PHI,2026,3,CHI,-2.0,0
00-0028986,Case Keenum,QB,CHI,2026,3,PHI,24.48,0
00-0029604,Kirk Cousins,QB,LV,2026,3,NO,22.22,0
00-0030061,Zach Ertz,TE,PHI,2026,3,CHI,0.9,1
00-0030279,Keenan Allen,WR,IND,2026,3,HOU,12.3,6
00-0030506,Travis Kelce,TE,KC,2026,3,MIA,11.9,2
00-0030565,Geno Smith,QB,NYJ,2026,3,DET,26.04,0
00-0031235,Odell Beckham Jr.,WR,NYG,2026,3,TEN,0.0,0
00-0031381,Davante Adams,WR,LA,2026,3,DEN,13.7,7
00-0031408,Mike Evans,WR,SF,2026,3,ARI,9.4,3
00-0031503,Jameis Winston,QB,NYG,2026,3,TEN,6.12,0
00-0031588,Stefon Diggs,WR,WAS,2026,3,SEA,3.3,4
00-0031610,Darren Waller,TE,CAR,2026,3,CLE,5.1,5
00-0032104,Ameer Abdullah,RB,JAX,2026,3,NE,0.2,0
00-0032268,Marcus Mariota,QB,WAS,2026,3,SEA,20.42,0
00-0032385,Sterling Shepard,WR,NYJ,2026,3,DET,2.3,1
00-0032392,Austin Hooper,TE,ATL,2026,3,GB,7.1,2
00-0032398,Chris Moore,WR,BAL,2026,3,DAL,6.4,1
00-0032464,Kalif Raymond,WR,CHI,2026,3,PHI,15.0,6
00-0032764,Derrick Henry,RB,BAL,2026,3,DAL,20.9,1
00-0032951,Laquon Treadwell,WR,IND,2026,3,HOU,2.0,1
00-0033077,Dak Prescott,QB,DAL,2026,3,BAL,18.94,0
00-0033090,Hunter Henry,TE,NE,2026,3,JAX,0.5,1
00-0033106,Jared Goff,QB,DET,2026,3,NYJ,19.36,0
00-0033110,Tyler Higbee,TE,LA,2026,3,DEN,12.2,8
00-0033119,Jacoby Brissett,QB,ARI,2026,3,SF,25.6,0
00-0033217,Mo Alie-Cox,TE,IND,2026,3,HOU,1.6,1
00-0033246,Johnny Mundt,TE,PHI,2026,3,CHI,0.4,1
00-0033280,Christian McCaffrey,RB,SF,2026,3,ARI,17.6,4
00-0033288,George Kittle,TE,SF,2026,3,ARI,20.2,6
00-0033293,Aaron Jones,RB,MIN,2026,3,TB,9.2,5
00-0033307,Kendrick Bourne,WR,ARI,2026,3,SF,2.2,2
00-0033526,Samaje Perine,RB,CIN,2026,3,PIT,1.4,1
00-0033537,Deshaun Watson,QB,CLE,2026,3,CAR,20.26,0
00-0033555,Mack Hollins,WR,NE,2026,3,JAX,8.7,6
00-0033576,Eric Saubert,TE,SEA,2026,3,WAS,7.3,1
00-0033589,David Moore,WR,CAR,2026,3,CLE,0.0,0
00-0033757,Robert Tonyan,TE,PIT,2026,3,CIN,0.2,1
00-0033858,Jonnu Smith,TE,GB,2026,3,ATL,1.6,2
00-0033873,Patrick Mahomes,QB,KC,2026,3,MIA,15.94,0
00-0033881,Evan Engram,TE,DEN,2026,3,LA,0.0,0
00-0033906,Alvin Kamara,RB,NO,2026,3,LV,4.1,1
00-0033908,Cooper Kupp,WR,SEA,2026,3,WAS,10.6,4
00-0033921,Chris Godwin Jr.,WR,TB,2026,3,MIN,2.5,3
00-0034272,Marquez Valdes-Scantling,WR,LAC,2026,3,BUF,0.0,0
00-0034348,Courtland Sutton,WR,DEN,2026,3,LA,4.6,3
00-0034383,Dalton Schultz,TE,HOU,2026,3,IND,3.0,3
00-0034419,Braxton Berrios,WR,NYG,2026,3,TEN,0.0,0
00-0034613,Tanner Hudson,TE,CIN,2026,3,PIT,1.3,2
00-0034753,Mark Andrews,TE,BAL,2026,3,DAL,2.4,3
00-0034796,Lamar Jackson,QB,BAL,2026,3,DAL,20.44,0
00-0034827,DJ Moore,WR,BUF,2026,3,LAC,6.7,6
00-0034829,Mike Gesicki,TE,CIN,2026,3,PIT,9.7,3
00-0034837,Calvin Ridley,WR,TEN,2026,3,NYG,0.0,0
00-0034844,Saquon Barkley,RB,PHI,2026,3,CHI,8.0,1
00-0034854,KhaDarel Hodge,WR,SF,2026,3,ARI,0.0,0
00-0034855,Baker Mayfield,QB,TB,2026,3,MIN,11.28,0
00-0034857,Josh Allen,QB,BUF,2026,3,LAC,16.46,1
00-0034869,Sam Darnold,QB,SEA,2026,3,WAS,27.66,0
00-0034960,Jakobi Meyers,WR,JAX,2026,3,NE,12.4,7
00-0034975,Justice Hill,RB,BAL,2026,3,DAL,3.3,0
00-0034981,Foster Moreau,TE,HOU,2026,3,IND,6.7,2
00-0035208,Olamide Zaccheaus,WR,ATL,2026,3,GB,0.9,2
00-0035228,Kyler Murray,QB,MIN,2026,3,TB,10.42,0
00-0035229,T.J. Hockenson,TE,MIN,2026,3,TB,1.1,2
00-0035249,Josh Oliver,TE,MIN,2026,3,TB,0.0,0
00-0035261,Tony Pollard,RB,TEN,2026,3,NYG,9.6,4
00-0035500,Greg Dortch,WR,BUF,2026,3,LAC,0.0,0
00-0035537,Ty Johnson,RB,BUF,2026,3,LAC,5.0,4
00-0035544,Tom Kennedy,WR,DET,2026,3,NYJ,0.0,0
00-0035594,Travis Homer,RB,PIT,2026,3,CIN,0.0,0
00-0035631,Drew Sample,TE,CIN,2026,3,PIT,0.0,1
00-0035640,DK Metcalf,WR,PIT,2026,3,CIN,9.1,3
00-0035644,Noah Fant,TE,NO,2026,3,LV,15.3,4
00-0035659,Terry McLaurin,WR,WAS,2026,3,SEA,13.7,6
00-0035685,David Montgomery,RB,HOU,2026,3,IND,4.8,2
00-0035689,Dawson Knox,TE,BUF,2026,3,LAC,0.5,1
00-0035710,Daniel Jones,QB,IND,2026,3,HOU,7.9,0
00-0035719,Deebo Samuel Sr.,WR,SF,2026,3,ARI,15.4,0
00-0035891,Cody White,WR,LV,2026,3,NO,6.4,1
00-0036040,Juwan Johnson,TE,NO,2026,3,LV,15.3,8
00-0036158,J.K. Dobbins,RB,DEN,2026,3,LA,5.3,1
00-0036223,Jonathan Taylor,RB,IND,2026,3,HOU,7.2,2
00-0036244,Colby Parkinson,TE,LA,2026,3,DEN,0.0,0
00-0036252,Michael Pittman,WR,PIT,2026,3,CIN,1.6,2
00-0036259,Jauan Jennings,WR,MIN,2026,3,TB,0.1,1
00-0036264,Jordan Love,QB,GB,2026,3,ATL,18.48,0
00-0036265,AJ Dillon,RB,CAR,2026,3,CLE,1.4,1
00-0036275,D'Andre Swift,RB,CHI,2026,3,PHI,8.8,2
00-0036290,Cole Kmet,TE,CHI,2026,3,PHI,0.0,0
00-0036309,Darnell Mooney,WR,NYG,2026,3,TEN,2.9,2
00-0036322,Justin Jefferson,WR,MIN,2026,3,TB,3.2,2
00-0036331,Devin Duvernay,WR,ARI,2026,3,SF,0.0,0
00-0036355,Justin Herbert,QB,LAC,2026,3,BUF,12.74,0
00-0036358,CeeDee Lamb,WR,DAL,2026,3,BAL,13.2,7
00-0036389,Jalen Hurts,QB,PHI,2026,3,CHI,12.62,0
00-0036410,Tee Higgins,WR,CIN,2026,3,PIT,15.0,6
00-0036425,DeeJay Dallas,RB,MIN,2026,3,TB,0.2,0
00-0036442,Joe Burrow,QB,CIN,2026,3,PIT,22.58,0
00-0036463,Chris Blair,WR,ATL,2026,3,GB,2.0,0
00-0036550,Rashod Bateman,WR,BAL,2026,3,DAL,3.7,2
00-0036555,Chuba Hubbard,RB,CAR,2026,3,CLE,11.0,4
00-0036613,Jaylen Waddle,WR,DEN,2026,3,LA,4.4,2
00-0036626,Dyami Brown,WR,WAS,2026,3,SEA,0.0,0
00-0036628,John Bates,TE,WAS,2026,3,SEA,0.9,1
00-0036630,Tylan Wallace,WR,CLE,2026,3,CAR,0.0,0
00-0036637,Noah Gray,TE,KC,2026,3,MIA,3.9,3
00-0036646,Simi Fehoko,WR,ARI,2026,3,SF,0.0,0
00-0036754,Brock Wright,TE,DET,2026,3,NYJ,0.7,2
00-0036825,Feleipe Franks,TE,CAR,2026,3,CLE,0.0,0
00-0036862,Ben Skowronek,WR,PIT,2026,3,CIN,8.3,1
00-0036875,Rhamondre Stevenson,RB,NE,2026,3,JAX,3.8,3
00-0036887,Luke Farrell,TE,SF,2026,3,ARI,0.0,0
00-0036893,Najee Harris,RB,NYG,2026,3,TEN,5.2,0
00-0036894,Pat Freiermuth,TE,PIT,2026,3,CIN,3.1,2
00-0036900,Ja'Marr Chase,WR,CIN,2026,3,PIT,15.8,9
00-0036912,DeVonta Smith,WR,PHI,2026,3,CHI,6.5,6
00-0036919,Kenny Gainwell,RB,TB,2026,3,MIN,1.0,2
00-0036963,Amon-Ra St. Brown,WR,DET,2026,3,NYJ,7.9,4
00-0036970,Kyle Pitts,TE,ATL,2026,3,GB,0.5,1
00-0036971,Trevor Lawrence,QB,JAX,2026,3,NE,19.78,0
00-0036973,Travis Etienne,RB,NO,2026,3,LV,7.0,2
00-0036997,Javonte Williams,RB,DAL,2026,3,BAL,16.3,2
00-0037004,Hunter Long,TE,ARI,2026,3,SF,0.5,1
00-0037005,Tommy Tremble,TE,CAR,2026,3,CLE,4.1,3
00-0037085,Tyler Badie,RB,DEN,2026,3,LA,1.4,1
00-0037091,Bo Melton,WR,GB,2026,3,ATL,0.0,0
00-0037093,Dareke Young,WR,LV,2026,3,NO,0.0,0
00-0037120,Tyler Goodson,RB,DAL,2026,3,BAL,1.7,1
00-0037132,Britain Covey,WR,PHI,2026,3,CHI,0.0,0
00-0037228,Jaylen Warren,RB,PIT,2026,3,CIN,17.6,3
00-0037238,Drake London,WR,ATL,2026,3,GB,19.4,9
00-0037239,Chris Olave,WR,NO,2026,3,LV,10.7,9
00-0037240,Jameson Williams,WR,DET,2026,3,NYJ,4.9,4
00-0037247,George Pickens,WR,DAL,2026,3,BAL,8.2,7
00-0037248,James Cook,RB,BUF,2026,3,LAC,19.4,0
00-0037252,Greg Dulcich,TE,MIA,2026,3,KC,5.5,5
00-0037256,Rachaad White,RB,WAS,2026,3,SEA,10.1,1
00-0037261,Khalil Shakir,WR,BUF,2026,3,LAC,0.6,1
00-0037263,Tyler Allgeier,RB,ARI,2026,3,SF,0.9,4
00-0037291,Jalen Nailor,WR,LV,2026,3,NO,1.6,1
00-0037311,Ko Kieft,TE,TB,2026,3,MIN,0.0,0
00-0037317,Nick Muse,TE,ATL,2026,3,GB,0.0,0
00-0037545,Rashid Shaheed,WR,SEA,2026,3,WAS,1.4,2
00-0037594,Julius Chestnut,RB,TEN,2026,3,NYG,0.0,0
00-0037614,John Metchie III,WR,CAR,2026,3,CLE,7.9,2
00-0037740,Garrett Wilson,WR,NYJ,2026,3,DET,16.7,10
00-0037741,Jahan Dotson,WR,ATL,2026,3,GB,1.1,1
00-0037742,Treylon Burks,WR,WAS,2026,3,SEA,7.3,2
00-0037744,Trey McBride,TE,ARI,2026,3,SF,7.5,9
00-0037746,Brian Robinson,RB,ATL,2026,3,GB,11.0,0
00-0037755,Jelani Woods,TE,NYJ,2026,3,DET,2.0,1
00-0037801,KaVontae Turpin,WR,DAL,2026,3,BAL,7.8,1
00-0037805,Jeremy Ruckert,TE,NYJ,2026,3,DET,9.9,5
00-0037816,Romeo Doubs,WR,NE,2026,3,JAX,4.9,3
00-0037834,Brock Purdy,QB,SF,2026,3,ARI,31.28,0
00-0037838,Isaiah Likely,TE,NYG,2026,3,TEN,1.3,2
00-0037840,Kyren Williams,RB,LA,2026,3,DEN,15.8,6
00-0038041,Jake Ferguson,TE,DAL,2026,3,BAL,6.3,3
00-0038090,Skyy Moore,WR,GB,2026,3,ATL,3.1,3
00-0038104,Tyquan Thornton,WR,KC,2026,3,MIA,2.2,2
00-0038115,Daniel Bellinger,TE,TEN,2026,3,NYG,1.6,2
00-0038117,Wan'Dale Robinson,WR,TEN,2026,3,NYG,11.7,7
00-0038120,Breece Hall,RB,NYJ,2026,3,DET,5.5,3
00-0038124,Christian Watson,WR,GB,2026,3,ATL,15.6,7
00-0038128,Malik Willis,QB,MIA,2026,3,KC,10.0,0
00-0038129,Cade Otton,TE,TB,2026,3,MIN,5.6,3
00-0038134,Kenneth Walker III,RB,KC,2026,3,MIA,19.3,2
00-0038359,Xavier Smith,WR,LA,2026,3,DEN,0.0,0
00-0038393,Dontayvion Wicks,WR,PHI,2026,3,CHI,3.2,2
00-0038409,Lew Nichols III,RB,PIT,2026,3,CIN,0.0,0
00-0038454,Keaton Mitchell,RB,LAC,2026,3,BUF,10.7,3
00-0038476,Tommy DeVito,QB,NE,2026,3,JAX,1.4,0
00-0038488,Brady Russell,RB,SEA,2026,3,WAS,2.0,1
00-0038489,Ben VanSumeren,RB,KC,2026,3,MIA,0.0,0
00-0038498,E.J. Jenkins,TE,PHI,2026,3,CHI,0.0,0
00-0038519,Nikko Remigio,WR,KC,2026,3,MIA,0.0,0
00-0038542,Bijan Robinson,RB,ATL,2026,3,GB,33.3,2
00-0038543,Jaxon Smith-Njigba,WR,SEA,2026,3,WAS,25.36,10
00-0038544,Quentin Johnston,WR,LAC,2026,3,BUF,4.0,3
00-0038547,Luke Schoonmaker,TE,DAL,2026,3,BAL,0.9,1
00-0038551,Kendre Miller,RB,NO,2026,3,LV,1.9,2
00-0038555,Tank Bigsby,RB,PHI,2026,3,CHI,-1.5,1
00-0038558,Darnell Washington,TE,PIT,2026,3,CIN,6.7,3
00-0038559,Michael Wilson,WR,ARI,2026,3,SF,14.9,11
00-0038563,Tre Tucker,WR,LV,2026,3,NO,4.3,4
00-0038564,Cameron Latu,TE,NE,2026,3,JAX,0.0,0
00-0038573,Derius Davis,WR,LAC,2026,3,BUF,0.0,0
00-0038597,Chase Brown,RB,CIN,2026,3,PIT,6.9,2
00-0038606,Parker Washington,WR,JAX,2026,3,NE,10.0,3
00-0038608,Kayshon Boutte,WR,HOU,2026,3,IND,2.1,2
00-0038611,Chris Rodriguez Jr.,RB,JAX,2026,3,NE,9.7,0
00-0038618,Xavier Hutchinson,WR,HOU,2026,3,IND,5.5,3
00-0038621,DeMario Douglas,WR,NE,2026,3,JAX,3.8,1
00-0038640,Jalen Brooks,WR,ARI,2026,3,SF,0.0,0
00-0038643,Brayden Willis,TE,SF,2026,3,ARI,0.0,0
00-0038685,Chris Brooks,RB,GB,2026,3,ATL,0.4,1
00-0038728,Jared Wayne,WR,HOU,2026,3,IND,2.0,1
00-0038740,Jalen Cropper,WR,NO,2026,3,LV,0.0,0
00-0038783,Nate Adkins,TE,DEN,2026,3,LA,6.8,1
00-0038797,Emanuel Wilson,RB,SEA,2026,3,WAS,1.4,0
00-0038824,Ryan Miller,WR,MIA,2026,3,KC,1.5,2
00-0038840,Brycen Tremayne,WR,CAR,2026,3,CLE,8.3,4
00-0038896,Jacob Saylors,RB,DET,2026,3,NYJ,0.0,0
00-0038933,Dalton Kincaid,TE,BUF,2026,3,LAC,1.8,2
00-0038935,Brenton Strange,TE,JAX,2026,3,NE,3.2,3
00-0038994,Jordan Addison,WR,MIN,2026,3,TB,15.0,5
00-0038996,Tucker Kraft,TE,GB,2026,3,ATL,2.6,4
00-0038997,Josh Downs,WR,IND,2026,3,HOU,7.7,5
00-0039032,Tyjae Spears,RB,TEN,2026,3,NYG,0.5,0
00-0039040,De'Von Achane,RB,MIA,2026,3,KC,1.7,0
00-0039041,Elijah Higgins,TE,ARI,2026,3,SF,2.0,3
00-0039050,Payne Durham,TE,TB,2026,3,MIN,0.0,0
00-0039064,Zay Flowers,WR,BAL,2026,3,DAL,10.4,5
00-0039065,Sam LaPorta,TE,DET,2026,3,NYJ,4.4,3
00-0039066,Michael Mayer,TE,LV,2026,3,NO,9.2,3
00-0039067,Rashee Rice,WR,KC,2026,3,MIA,8.8,7
00-0039074,Davis Allen,TE,LA,2026,3,DEN,1.9,2
00-0039139,Jahmyr Gibbs,RB,DET,2026,3,NYJ,34.4,7
00-0039150,Bryce Young,QB,CAR,2026,3,CLE,13.64,0
00-0039163,C.J. Stroud,QB,HOU,2026,3,IND,11.68,0
00-0039299,George Holani,RB,SEA,2026,3,WAS,5.8,5
00-0039337,Malik Nabers,WR,NYG,2026,3,TEN,2.6,5
00-0039338,Brock Bowers,TE,LV,2026,3,NO,17.6,10
00-0039355,Luke McCaffrey,WR,WAS,2026,3,SEA,0.0,0
00-0039361,Bucky Irving,RB,TB,2026,3,MIN,5.8,2
00-0039364,Sione Vaki,RB,DET,2026,3,NYJ,3.7,1
00-0039365,Jacob Cowing,WR,SF,2026,3,ARI,0.0,0
00-0039384,Tyrone Tracy Jr.,RB,NYG,2026,3,TEN,0.3,0
00-0039391,Kimani Vidal,RB,LAC,2026,3,BUF,2.0,1
00-0039407,Dylan Laube,RB,LV,2026,3,NO,0.0,0
00-0039410,Ryan Flournoy,WR,DAL,2026,3,BAL,2.2,2
00-0039424,Devaughn Vele,WR,NO,2026,3,LV,3.9,3
00-0039451,Isaiah Williams,WR,NYJ,2026,3,DET,2.1,1
00-0039489,Hayden Rucci,TE,LAC,2026,3,BUF,0.0,0
00-0039491,Jalen Coker,WR,CAR,2026,3,CLE,1.8,2
00-0039530,Brevyn Spann-Ford,TE,DAL,2026,3,BAL,1.9,1
00-0039589,Kameron Johnson,WR,TB,2026,3,MIN,0.0,0
00-0039686,Colson Yankoff,TE,WAS,2026,3,SEA,0.2,1
00-0039732,Bo Nix,QB,DEN,2026,3,LA,24.14,0
00-0039738,Blake Corum,RB,LA,2026,3,DEN,1.5,2
00-0039739,Roman Wilson,WR,PIT,2026,3,CIN,12.0,3
00-0039746,Will Shipley,RB,PHI,2026,3,CHI,1.1,1
00-0039792,Devontez Walker,WR,BAL,2026,3,DAL,0.0,0
00-0039793,AJ Barner,TE,SEA,2026,3,WAS,6.9,5
00-0039794,Braelon Allen,RB,NYJ,2026,3,DET,1.7,3
00-0039796,Rasheen Ali,RB,BAL,2026,3,DAL,0.0,0
00-0039798,Isaiah Davis,RB,NYJ,2026,3,DET,0.0,0
00-0039811,MarShawn Lloyd,RB,GB,2026,3,ATL,1.8,2
00-0039816,Anthony Gould,WR,IND,2026,3,HOU,0.0,0
00-0039849,Marvin Harrison Jr.,WR,ARI,2026,3,SF,4.0,3
00-0039851,Drake Maye,QB,NE,2026,3,JAX,3.76,0
00-0039855,Jalen McMillan,WR,TB,2026,3,MIN,0.0,0
00-0039868,Troy Franklin,WR,DEN,2026,3,LA,2.1,1
00-0039880,Malik Washington,WR,MIA,2026,3,KC,6.1,5
00-0039893,Brian Thomas Jr.,WR,JAX,2026,3,NE,0.8,1
00-0039894,Xavier Worthy,WR,KC,2026,3,MIA,2.0,2
00-0039901,Keon Coleman,WR,BUF,2026,3,LAC,3.7,1
00-0039912,Ben Sinnott,TE,WAS,2026,3,SEA,0.0,0
00-0039915,Ladd McConkey,WR,LAC,2026,3,BUF,6.6,4
00-0039917,Michael Penix Jr.,QB,ATL,2026,3,GB,14.04,0
00-0039919,Rome Odunze,WR,CHI,2026,3,PHI,4.4,3
00-0039920,Malachi Corley,WR,CLE,2026,3,CAR,0.0,0
00-0040024,Darius Cooper,WR,PHI,2026,3,CHI,0.0,0
00-0040075,LaJohntay Wester,WR,BAL,2026,3,DAL,0.0,0
00-0040078,Brashard Smith,RB,KC,2026,3,MIA,0.4,1
00-0040081,Jake Briningstool,TE,KC,2026,3,MIA,0.0,0
00-0040122,Ashton Jeanty,RB,LV,2026,3,NO,9.3,3
00-0040124,Tetairoa McMillan,WR,CAR,2026,3,CLE,1.7,2
00-0040126,Colston Loveland,TE,CHI,2026,3,PHI,3.1,4
00-0040128,Tyler Warren,TE,IND,2026,3,HOU,5.7,9
00-0040129,Emeka Egbuka,WR,TB,2026,3,MIN,6.2,5
00-0040131,Kyle Williams,WR,NE,2026,3,JAX,3.4,1
00-0040134,Pat Bryant,WR,DEN,2026,3,LA,12.4,2
00-0040138,Jaylin Noel,WR,HOU,2026,3,IND,2.5,2
00-0040142,Kaleb Johnson,RB,GB,2026,3,ATL,1.6,1
00-0040154,Tai Felton,WR,MIN,2026,3,TB,0.0,0
00-0040164,Jaylin Lane,WR,WAS,2026,3,SEA,2.1,1
00-0040170,Elic Ayomanor,WR,TEN,2026,3,NYG,1.1,1
00-0040172,Jordan Watkins,WR,SF,2026,3,ARI,6.0,2
00-0040187,Mitchell Evans,TE,CAR,2026,3,CLE,3.6,3
00-0040189,Oronde Gadsden II,TE,LAC,2026,3,BUF,0.0,0
00-0040194,Jackson Hawes,TE,BUF,2026,3,LAC,0.0,0
00-0040198,Ollie Gordon II,RB,MIA,2026,3,KC,11.5,3
00-0040208,Tahj Brooks,RB,CIN,2026,3,PIT,0.0,0
00-0040236,Kyle Monangai,RB,CHI,2026,3,PHI,3.1,0
00-0040237,Tez Johnson,WR,TB,2026,3,MIN,0.8,1
00-0040238,LeQuint Allen Jr.,RB,JAX,2026,3,NE,0.9,2
00-0040242,Jacory Croskey-Merritt,RB,WAS,2026,3,SEA,4.3,1
00-0040390,Jackson Meeks,WR,DET,2026,3,NYJ,0.8,1
00-0040394,Anthony Tyus III,RB,CAR,2026,3,CLE,0.0,0
00-0040405,Jamaal Pritchett,WR,NYJ,2026,3,DET,0.0,0
00-0040466,Raheim Sanders,RB,CLE,2026,3,CAR,5.1,4
00-0040506,Myles Price,WR,MIN,2026,3,TB,6.0,0
00-0040534,Ke'Shawn Williams,WR,CIN,2026,3,PIT,0.0,0
00-0040556,Corey Kiner,RB,NE,2026,3,JAX,2.7,1
00-0040563,Efton Chism III,WR,NE,2026,3,JAX,0.74,1
00-0040583,Woody Marks,RB,HOU,2026,3,IND,8.1,1
00-0040584,Gunnar Helm,TE,TEN,2026,3,NYG,1.4,2
00-0040590,Konata Mumpfield,WR,LA,2026,3,DEN,15.3,4
00-0040646,Jalen Royals,WR,KC,2026,3,MIA,1.1,1
00-0040648,Tory Horton,WR,SEA,2026,3,WAS,4.8,3
00-0040663,Harold Fannin Jr.,TE,CLE,2026,3,CAR,17.1,7
00-0040666,Omarion Hampton,RB,LAC,2026,3,BUF,5.6,0
00-0040667,Matthew Golden,WR,GB,2026,3,ATL,16.0,5
00-0040668,Shedeur Sanders,QB,CLE,2026,3,CAR,0.0,0
00-0040669,Isaac TeSlaa,WR,DET,2026,3,NYJ,6.6,3
00-0040676,Cam Ward,QB,TEN,2026,3,NYG,9.44,0
00-0040705,Chimere Dike,WR,TEN,2026,3,NYG,0.3,1
00-0040715,Cam Skattebo,RB,NYG,2026,3,TEN,10.0,3
00-0040719,Bhayshul Tuten,RB,JAX,2026,3,NE,15.0,2
00-0040727,Tre Harris,WR,LAC,2026,3,BUF,7.6,6
00-0040730,RJ Harvey,RB,DEN,2026,3,LA,4.7,6
00-0040734,TreVeyon Henderson,RB,NE,2026,3,JAX,2.9,1
00-0040735,Luther Burden III,WR,CHI,2026,3,PHI,12.8,7
00-0040737,Terrance Ferguson,TE,LA,2026,3,DEN,0.9,1
00-0040743,Tyler Shough,QB,NO,2026,3,LV,23.8,0
00-0040784,Quinshon Judkins,RB,CLE,2026,3,CAR,7.9,2
00-0040785,Dohnte Meyers,WR,CIN,2026,3,PIT,2.9,3
00-0040867,Makai Lemon,WR,PHI,2026,3,CHI,2.9,3
00-0040878,Mike Washington Jr.,RB,LV,2026,3,NO,11.4,0
00-0040879,Matthew Hibner,TE,BAL,2026,3,DAL,8.3,2
00-0040887,Josh Cuevas,TE,BAL,2026,3,DAL,1.4,1
00-0040894,Malik Benson,WR,LV,2026,3,NO,0.0,0
00-0040948,J. Michael Sturdivant,WR,GB,2026,3,ATL,2.2,3
00-0041013,Emmett Johnson,RB,KC,2026,3,MIA,1.7,0
00-0041027,Jeremiyah Love,RB,ARI,2026,3,SF,16.9,5
00-0041032,Kenyon Sadiq,TE,NYJ,2026,3,DET,16.5,7
00-0041037,Denzel Boston,WR,CLE,2026,3,CAR,6.1,2
00-0041040,Antonio Williams,WR,WAS,2026,3,SEA,1.5,2
00-0041042,Malachi Fields,WR,NYG,2026,3,TEN,1.9,2
00-0041044,Zachariah Branch,WR,ATL,2026,3,GB,0.7,1
00-0041048,Ted Hurst III,WR,TB,2026,3,MIN,10.0,1
00-0041051,Zavion Thomas,WR,CHI,2026,3,PHI,0.1,1
00-0041052,Kaelon Black,RB,SF,2026,3,ARI,1.7,0
00-0041067,Bryce Lance,WR,NO,2026,3,LV,0.0,0
00-0041069,Colbie Young,WR,CIN,2026,3,PIT,0.2,1
00-0041081,Max Bredeson,RB,MIN,2026,3,TB,0.0,0
00-0041094,Bauer Sharp,TE,TB,2026,3,MIN,0.0,0
00-0041100,Josh Cameron,WR,JAX,2026,3,NE,7.2,1
00-0041104,Demond Claiborne,RB,MIN,2026,3,TB,0.1,0
00-0041125,Seth McGowan,RB,IND,2026,3,HOU,1.4,0
00-0041131,Carsen Ryan,TE,CLE,2026,3,CAR,0.0,0
00-0041251,Jalon Daniels,QB,TB,2026,3,MIN,-1.1,0
00-0041267,Malik McClain,WR,NYJ,2026,3,DET,0.0,0
00-0041292,Kolbe Katsis,WR,DEN,2026,3,LA,0.0,0
00-0041326,CJ Donaldson,RB,NO,2026,3,LV,0.5,0
00-0041397,Kaden Wetjen,WR,PIT,2026,3,CIN,0.0,0
00-0041415,Dean Connors,RB,LA,2026,3,DEN,0.0,0
00-0041436,DJ Herman,RB,MIA,2026,3,KC,0.0,0
00-0041438,Carnell Tate,WR,TEN,2026,3,NYG,5.8,6
00-0041467,Lewis Bond,WR,HOU,2026,3,IND,0.0,0
00-0041489,Germie Bernard,WR,PIT,2026,3,CIN,1.4,1
00-0041503,Nate Boerkircher,TE,JAX,2026,3,NE,0.0,0
00-0041512,Jadarian Price,RB,SEA,2026,3,WAS,0.2,1
00-0041524,Will Kacmarek,TE,MIA,2026,3,KC,0.0,0
00-0041525,Chris Bell,WR,MIA,2026,3,KC,6.7,4
00-0041529,Kevin Coleman Jr.,WR,MIA,2026,3,KC,0.3,1
00-0041547,KC Concepcion,WR,CLE,2026,3,CAR,0.9,2
00-0041558,Sam Roush,TE,CHI,2026,3,PHI,1.6,1
00-0023459,Aaron Rodgers,QB,PIT,2026,4,CLE,21.96,0
00-0026498,Matthew Stafford,QB,LA,2026,4,PHI,9.68,0
00-0029604,Kirk Cousins,QB,LV,2026,4,KC,22.6,0
00-0030061,Zach Ertz,TE,PHI,2026,4,LA,1.3,2
00-0030506,Travis Kelce,TE,KC,2026,4,LV,1.5,2
00-0030565,Geno Smith,QB,NYJ,2026,4,CHI,8.76,0
00-0031236,Brandin Cooks,WR,SF,2026,4,DEN,0.0,0
00-0031381,Davante Adams,WR,LA,2026,4,PHI,3.2,4
00-0031408,Mike Evans,WR,SF,2026,4,DEN,7.6,5
00-0031484,Chris Manhertz,TE,NYG,2026,4,ARI,0.0,0
00-0031503,Jameis Winston,QB,NYG,2026,4,ARI,18.0,0
00-0031588,Stefon Diggs,WR,WAS,2026,4,IND,3.5,5
00-0031610,Darren Waller,TE,CAR,2026,4,DET,3.6,3
00-0032104,Ameer Abdullah,RB,JAX,2026,4,CIN,0.0,0
00-0032268,Marcus Mariota,QB,WAS,2026,4,IND,5.34,0
00-0032385,Sterling Shepard,WR,NYJ,2026,4,CHI,0.0,0
00-0032392,Austin Hooper,TE,ATL,2026,4,NO,0.9,1
00-0032464,Kalif Raymond,WR,CHI,2026,4,NYJ,0.6,2
00-0032764,Derrick Henry,RB,BAL,2026,4,TEN,13.9,2
00-0032951,Laquon Treadwell,WR,IND,2026,4,WAS,4.2,5
00-0033077,Dak Prescott,QB,DAL,2026,4,HOU,18.1,0
00-0033090,Hunter Henry,TE,NE,2026,4,BUF,6.2,5
00-0033106,Jared Goff,QB,DET,2026,4,CAR,20.48,0
00-0033110,Tyler Higbee,TE,LA,2026,4,PHI,6.7,5
00-0033119,Jacoby Brissett,QB,ARI,2026,4,NYG,10.44,0
00-0033246,Johnny Mundt,TE,PHI,2026,4,LA,0.0,0
00-0033280,Christian McCaffrey,RB,SF,2026,4,DEN,13.0,3
00-0033288,George Kittle,TE,SF,2026,4,DEN,13.0,4
00-0033293,Aaron Jones,RB,MIN,2026,4,MIA,12.8,4
00-0033376,Patrick Ricard,RB,NYG,2026,4,ARI,0.1,1
00-0033526,Samaje Perine,RB,CIN,2026,4,JAX,0.7,0
00-0033537,Deshaun Watson,QB,CLE,2026,4,PIT,12.92,0
00-0033555,Mack Hollins,WR,NE,2026,4,BUF,5.3,3
00-0033576,Eric Saubert,TE,SEA,2026,4,LAC,0.0,0
00-0033589,David Moore,WR,CAR,2026,4,DET,0.0,0
00-0033699,Austin Ekeler,RB,WAS,2026,4,IND,4.0,1
00-0033858,Jonnu Smith,TE,GB,2026,4,TB,1.9,1
00-0033873,Patrick Mahomes,QB,KC,2026,4,LV,17.0,0
00-0033881,Evan Engram,TE,DEN,2026,4,SF,0.6,1
00-0033906,Alvin Kamara,RB,NO,2026,4,ATL,17.8,5
00-0033908,Cooper Kupp,WR,SEA,2026,4,LAC,1.3,1
00-0033921,Chris Godwin Jr.,WR,TB,2026,4,GB,3.1,6
00-0034272,Marquez Valdes-Scantling,WR,LAC,2026,4,SEA,0.0,0
00-0034348,Courtland Sutton,WR,DEN,2026,4,SF,0.4,1
00-0034365,Ian Thomas,TE,LV,2026,4,KC,9.2,2
00-0034383,Dalton Schultz,TE,HOU,2026,4,DAL,0.9,2
00-0034419,Braxton Berrios,WR,NYG,2026,4,ARI,0.0,0
00-0034613,Tanner Hudson,TE,CIN,2026,4,JAX,0.2,1
00-0034753,Mark Andrews,TE,BAL,2026,4,TEN,8.7,5
00-0034796,Lamar Jackson,QB,BAL,2026,4,TEN,18.88,0
00-0034798,Durham Smythe,TE,BAL,2026,4,TEN,0.0,0
00-0034827,DJ Moore,WR,BUF,2026,4,NE,1.7,1
00-0034829,Mike Gesicki,TE,CIN,2026,4,JAX,10.0,3
00-0034837,Calvin Ridley,WR,TEN,2026,4,BAL,1.3,1
00-0034844,Saquon Barkley,RB,PHI,2026,4,LA,1.0,1
00-0034857,Josh Allen,QB,BUF,2026,4,NE,18.52,0
00-0034869,Sam Darnold,QB,SEA,2026,4,LAC,13.32,0
00-0034960,Jakobi Meyers,WR,JAX,2026,4,CIN,3.3,3
00-0034975,Justice Hill,RB,BAL,2026,4,TEN,2.5,2
00-0034981,Foster Moreau,TE,HOU,2026,4,DAL,0.1,1
00-0035021,Ashton Dulin,WR,IND,2026,4,WAS,2.9,3
00-0035208,Olamide Zaccheaus,WR,ATL,2026,4,NO,0.0,0
00-0035228,Kyler Murray,QB,MIN,2026,4,MIA,11.48,0
00-0035229,T.J. Hockenson,TE,MIN,2026,4,MIA,11.9,13
00-0035261,Tony Pollard,RB,TEN,2026,4,BAL,11.0,2
00-0035500,Greg Dortch,WR,BUF,2026,4,NE,0.0,0
00-0035537,Ty Johnson,RB,BUF,2026,4,NE,1.2,2
00-0035544,Tom Kennedy,WR,DET,2026,4,CAR,0.0,0
00-0035567,Craig Reynolds,RB,WAS,2026,4,IND,0.4,0
00-0035594,Travis Homer,RB,PIT,2026,4,CLE,-0.1,0
00-0035602,Alex Bachman,WR,LA,2026,4,PHI,0.0,0
00-0035640,DK Metcalf,WR,PIT,2026,4,CLE,11.5,5
00-0035685,David Montgomery,RB,HOU,2026,4,DAL,4.3,0
00-0035689,Dawson Knox,TE,BUF,2026,4,NE,1.3,2
00-0035710,Daniel Jones,QB,IND,2026,4,WAS,7.92,0
00-0035719,Deebo Samuel Sr.,WR,SF,2026,4,DEN,13.0,5
00-0035891,Cody White,WR,LV,2026,4,KC,5.6,2
00-0035993,Tyler Huntley,QB,BAL,2026,4,TEN,4.12,0
00-0036040,Juwan Johnson,TE,NO,2026,4,ATL,5.9,6
00-0036158,J.K. Dobbins,RB,DEN,2026,4,SF,5.2,2
00-0036182,Nick Westbrook-Ikhine,WR,IND,2026,4,WAS,0.0,0
00-0036223,Jonathan Taylor,RB,IND,2026,4,WAS,21.7,1
00-0036252,Michael Pittman,WR,PIT,2026,4,CLE,1.5,2
00-0036259,Jauan Jennings,WR,MIN,2026,4,MIA,0.8,1
00-0036264,Jordan Love,QB,GB,2026,4,TB,13.08,0
00-0036265,AJ Dillon,RB,CAR,2026,4,DET,0.7,1
00-0036275,D'Andre Swift,RB,CHI,2026,4,NYJ,5.4,2
00-0036290,Cole Kmet,TE,CHI,2026,4,NYJ,1.3,2
00-0036309,Darnell Mooney,WR,NYG,2026,4,ARI,0.0,0
00-0036331,Devin Duvernay,WR,ARI,2026,4,NYG,0.0,0
00-0036355,Justin Herbert,QB,LAC,2026,4,SEA,9.56,0
00-0036358,CeeDee Lamb,WR,DAL,2026,4,HOU,24.3,17
00-0036389,Jalen Hurts,QB,PHI,2026,4,LA,13.52,0
00-0036407,Jerry Jeudy,WR,CLE,2026,4,PIT,3.6,3
00-0036410,Tee Higgins,WR,CIN,2026,4,JAX,15.7,11
00-0036422,Adam Trautman,TE,DEN,2026,4,SF,0.0,0
00-0036425,DeeJay Dallas,RB,MIN,2026,4,MIA,1.0,1
00-0036429,Charlie Woerner,TE,ATL,2026,4,NO,0.0,0
00-0036442,Joe Burrow,QB,CIN,2026,4,JAX,23.72,0
00-0036463,Chris Blair,WR,ATL,2026,4,NO,0.0,0
00-0036550,Rashod Bateman,WR,BAL,2026,4,TEN,4.6,2
00-0036554,Nico Collins,WR,HOU,2026,4,DAL,23.8,7
00-0036555,Chuba Hubbard,RB,CAR,2026,4,DET,24.9,1
00-0036556,Brevin Jordan,TE,HOU,2026,4,DAL,1.3,1
00-0036590,Quintin Morris,TE,JAX,2026,4,CIN,0.0,0
00-0036613,Jaylen Waddle,WR,DEN,2026,4,SF,9.5,5
00-0036626,Dyami Brown,WR,WAS,2026,4,IND,6.5,3
00-0036637,Noah Gray,TE,KC,2026,4,LV,1.7,2
00-0036646,Simi Fehoko,WR,ARI,2026,4,NYG,0.0,0
00-0036754,Brock Wright,TE,DET,2026,4,CAR,0.8,1
00-0036825,Feleipe Franks,TE,CAR,2026,4,DET,0.0,0
00-0036842,Kene Nwangwu,RB,NYJ,2026,4,CHI,0.0,0
00-0036849,Tutu Atwell,WR,LA,2026,4,PHI,0.8,1
00-0036862,Ben Skowronek,WR,PIT,2026,4,CLE,0.7,1
00-0036875,Rhamondre Stevenson,RB,NE,2026,4,BUF,15.4,3
00-0036887,Luke Farrell,TE,SF,2026,4,DEN,0.0,0
00-0036893,Najee Harris,RB,NYG,2026,4,ARI,3.0,0
00-0036894,Pat Freiermuth,TE,PIT,2026,4,CLE,7.7,3
00-0036900,Ja'Marr Chase,WR,CIN,2026,4,JAX,2.7,3
00-0036919,Kenny Gainwell,RB,TB,2026,4,GB,8.7,2
00-0036963,Amon-Ra St. Brown,WR,DET,2026,4,CAR,7.5,8
00-0036970,Kyle Pitts,TE,ATL,2026,4,NO,4.7,3
00-0036971,Trevor Lawrence,QB,JAX,2026,4,CIN,13.08,0
00-0036988,Josh Palmer,WR,BUF,2026,4,NE,0.3,1
00-0036997,Javonte Williams,RB,DAL,2026,4,HOU,26.3,5
00-0037004,Hunter Long,TE,ARI,2026,4,NYG,1.0,1
00-0037005,Tommy Tremble,TE,CAR,2026,4,DET,1.2,4
00-0037085,Tyler Badie,RB,DEN,2026,4,SF,5.9,2
00-0037091,Bo Melton,WR,GB,2026,4,TB,0.0,0
00-0037093,Dareke Young,WR,LV,2026,4,KC,0.9,1
00-0037120,Tyler Goodson,RB,DAL,2026,4,HOU,1.2,0
00-0037132,Britain Covey,WR,PHI,2026,4,LA,0.0,0
00-0037228,Jaylen Warren,RB,PIT,2026,4,CLE,12.6,3
00-0037238,Drake London,WR,ATL,2026,4,NO,9.6,5
00-0037239,Chris Olave,WR,NO,2026,4,ATL,11.6,8
00-0037240,Jameson Williams,WR,DET,2026,4,CAR,10.2,6
00-0037247,George Pickens,WR,DAL,2026,4,HOU,7.5,2
00-0037248,James Cook,RB,BUF,2026,4,NE,14.3,2
00-0037261,Khalil Shakir,WR,BUF,2026,4,NE,6.2,7
00-0037263,Tyler Allgeier,RB,ARI,2026,4,NYG,10.9,2
00-0037292,Andrew Ogletree,TE,IND,2026,4,WAS,0.0,0
00-0037524,Tay Martin,WR,DET,2026,4,CAR,0.0,0
00-0037545,Rashid Shaheed,WR,SEA,2026,4,LAC,11.3,1
00-0037594,Julius Chestnut,RB,TEN,2026,4,BAL,0.0,0
00-0037614,John Metchie III,WR,CAR,2026,4,DET,3.7,3
00-0037666,Jalen Tolbert,WR,MIA,2026,4,MIN,0.0,0
00-0037740,Garrett Wilson,WR,NYJ,2026,4,CHI,2.7,3
00-0037741,Jahan Dotson,WR,ATL,2026,4,NO,11.4,2
00-0037742,Treylon Burks,WR,WAS,2026,4,IND,10.7,1
00-0037744,Trey McBride,TE,ARI,2026,4,NYG,3.1,7
00-0037746,Brian Robinson,RB,ATL,2026,4,NO,24.7,1
00-0037755,Jelani Woods,TE,NYJ,2026,4,CHI,1.1,1
00-0037801,KaVontae Turpin,WR,DAL,2026,4,HOU,0.0,0
00-0037809,Chig Okonkwo,TE,WAS,2026,4,IND,0.5,2
00-0037816,Romeo Doubs,WR,NE,2026,4,BUF,17.8,6
00-0037834,Brock Purdy,QB,SF,2026,4,DEN,19.62,0
00-0037838,Isaiah Likely,TE,NYG,2026,4,ARI,6.6,7
00-0037840,Kyren Williams,RB,LA,2026,4,PHI,26.7,10
00-0038041,Jake Ferguson,TE,DAL,2026,4,HOU,1.1,3
00-0038090,Skyy Moore,WR,GB,2026,4,TB,-0.2,1
00-0038104,Tyquan Thornton,WR,KC,2026,4,LV,23.1,5
00-0038115,Daniel Bellinger,TE,TEN,2026,4,BAL,0.2,1
00-0038117,Wan'Dale Robinson,WR,TEN,2026,4,BAL,8.0,3
00-0038124,Christian Watson,WR,GB,2026,4,TB,4.7,3
00-0038128,Malik Willis,QB,MIA,2026,4,MIN,2.5,0
00-0038129,Cade Otton,TE,TB,2026,4,GB,3.7,4
00-0038134,Kenneth Walker III,RB,KC,2026,4,LV,29.9,1
00-0038393,Dontayvion Wicks,WR,PHI,2026,4,LA,1.8,3
00-0038409,Lew Nichols III,RB,PIT,2026,4,CLE,0.0,0
00-0038416,Tyson Bagent,QB,CHI,2026,4,NYJ,8.82,0
00-0038454,Keaton Mitchell,RB,LAC,2026,4,SEA,6.3,5
00-0038488,Brady Russell,RB,SEA,2026,4,LAC,0.0,0
00-0038498,E.J. Jenkins,TE,PHI,2026,4,LA,0.0,0
00-0038519,Nikko Remigio,WR,KC,2026,4,LV,0.0,0
00-0038542,Bijan Robinson,RB,ATL,2026,4,NO,26.7,1
00-0038543,Jaxon Smith-Njigba,WR,SEA,2026,4,LAC,7.6,5
00-0038544,Quentin Johnston,WR,LAC,2026,4,SEA,4.0,1
00-0038551,Kendre Miller,RB,NO,2026,4,ATL,-0.0999999999999999,2
00-0038555,Tank Bigsby,RB,PHI,2026,4,LA,5.5,0
00-0038558,Darnell Washington,TE,PIT,2026,4,CLE,8.7,3
00-0038559,Michael Wilson,WR,ARI,2026,4,NYG,9.5,7
00-0038563,Tre Tucker,WR,LV,2026,4,KC,4.4,4
00-0038564,Cameron Latu,TE,NE,2026,4,BUF,0.0,0
00-0038573,Derius Davis,WR,LAC,2026,4,SEA,0.6,1
00-0038576,Charlie Jones,WR,NYG,2026,4,ARI,0.0,0
00-0038597,Chase Brown,RB,CIN,2026,4,JAX,8.1,11
00-0038606,Parker Washington,WR,JAX,2026,4,CIN,1.0,1
00-0038608,Kayshon Boutte,WR,HOU,2026,4,DAL,3.6,3
00-0038611,Chris Rodriguez Jr.,RB,JAX,2026,4,CIN,9.5,0
00-0038618,Xavier Hutchinson,WR,HOU,2026,4,DAL,4.6,3
00-0038621,DeMario Douglas,WR,NE,2026,4,BUF,1.5,2
00-0038640,Jalen Brooks,WR,ARI,2026,4,NYG,0.0,0
00-0038643,Brayden Willis,TE,SF,2026,4,DEN,0.0,0
00-0038685,Chris Brooks,RB,GB,2026,4,TB,3.5,1
00-0038710,Blake Whiteheart,TE,CLE,2026,4,PIT,0.0,0
00-0038738,Hunter Luepke,RB,DAL,2026,4,HOU,0.2,1
00-0038794,Jaleel McLaughlin,RB,CLE,2026,4,PIT,8.8,0
00-0038797,Emanuel Wilson,RB,SEA,2026,4,LAC,24.0,3
00-0038824,Ryan Miller,WR,MIA,2026,4,MIN,0.0,0
00-0038839,Mitchell Tinsley,WR,CIN,2026,4,JAX,4.9,3
00-0038840,Brycen Tremayne,WR,CAR,2026,4,DET,3.2,2
00-0038896,Jacob Saylors,RB,DET,2026,4,CAR,0.0,0
00-0038933,Dalton Kincaid,TE,BUF,2026,4,NE,0.7,1
00-0038935,Brenton Strange,TE,JAX,2026,4,CIN,9.5,7
00-0038951,Sean Tucker,RB,TB,2026,4,GB,7.0,0
00-0038976,Marvin Mims Jr.,WR,DEN,2026,4,SF,1.0,1
00-0038994,Jordan Addison,WR,MIN,2026,4,MIA,5.1,4
00-0038996,Tucker Kraft,TE,GB,2026,4,TB,10.5,6
00-0038997,Josh Downs,WR,IND,2026,4,WAS,1.6,3
00-0039021,Roschon Johnson,RB,CHI,2026,4,NYJ,2.3,1
00-0039032,Tyjae Spears,RB,TEN,2026,4,BAL,0.6,1
00-0039041,Elijah Higgins,TE,ARI,2026,4,NYG,7.9,2
00-0039062,Jonathan Mingo,WR,DAL,2026,4,HOU,0.0,0
00-0039064,Zay Flowers,WR,BAL,2026,4,TEN,17.8,8
00-0039065,Sam LaPorta,TE,DET,2026,4,CAR,14.4,8
00-0039066,Michael Mayer,TE,LV,2026,4,KC,8.2,8
00-0039074,Davis Allen,TE,LA,2026,4,PHI,0.0,0
00-0039075,Puka Nacua,WR,LA,2026,4,PHI,18.7,9
00-0039139,Jahmyr Gibbs,RB,DET,2026,4,CAR,13.7,4
00-0039150,Bryce Young,QB,CAR,2026,4,DET,21.46,0
00-0039163,C.J. Stroud,QB,HOU,2026,4,DAL,23.08,0
00-0039299,George Holani,RB,SEA,2026,4,LAC,2.0,1
00-0039337,Malik Nabers,WR,NYG,2026,4,ARI,17.2,6
00-0039338,Brock Bowers,TE,LV,2026,4,KC,14.6,6
00-0039359,Cade Stover,TE,HOU,2026,4,DAL,2.0,1
00-0039361,Bucky Irving,RB,TB,2026,4,GB,6.1,0
00-0039364,Sione Vaki,RB,DET,2026,4,CAR,1.7,1
00-0039365,Jacob Cowing,WR,SF,2026,4,DEN,0.2,0
00-0039384,Tyrone Tracy Jr.,RB,NYG,2026,4,ARI,-0.1,0
00-0039391,Kimani Vidal,RB,LAC,2026,4,SEA,9.6,2
00-0039407,Dylan Laube,RB,LV,2026,4,KC,0.0,0
00-0039410,Ryan Flournoy,WR,DAL,2026,4,HOU,3.7,4
00-0039424,Devaughn Vele,WR,NO,2026,4,ATL,11.4,6
00-0039451,Isaiah Williams,WR,NYJ,2026,4,CHI,13.3,2
00-0039518,Treyton Welch,TE,NO,2026,4,ATL,0.0,0
00-0039530,Brevyn Spann-Ford,TE,DAL,2026,4,HOU,0.0,0
00-0039589,Kameron Johnson,WR,TB,2026,4,GB,0.3,1
00-0039686,Colson Yankoff,TE,WAS,2026,4,IND,0.0,0
00-0039710,Jeshaun Jones,WR,MIN,2026,4,MIA,0.0,0
00-0039732,Bo Nix,QB,DEN,2026,4,SF,13.56,0
00-0039738,Blake Corum,RB,LA,2026,4,PHI,2.1,1
00-0039739,Roman Wilson,WR,PIT,2026,4,CLE,13.4,3
00-0039746,Will Shipley,RB,PHI,2026,4,LA,2.3,0
00-0039751,Jordan Whittington,WR,LA,2026,4,PHI,0.4,1
00-0039792,Devontez Walker,WR,BAL,2026,4,TEN,1.9,1
00-0039793,AJ Barner,TE,SEA,2026,4,LAC,1.2,1
00-0039794,Braelon Allen,RB,NYJ,2026,4,CHI,6.7,2
00-0039798,Isaiah Davis,RB,NYJ,2026,4,CHI,0.0,0
00-0039811,MarShawn Lloyd,RB,GB,2026,4,TB,4.9,5
00-0039816,Anthony Gould,WR,IND,2026,4,WAS,0.0,0
00-0039847,Theo Johnson,TE,NYG,2026,4,ARI,7.1,1
00-0039849,Marvin Harrison Jr.,WR,ARI,2026,4,NYG,7.2,1
00-0039851,Drake Maye,QB,NE,2026,4,BUF,26.16,0
00-0039874,Jaylen Wright,RB,MIA,2026,4,MIN,0.7,0
00-0039875,Ray Davis,RB,BUF,2026,4,NE,0.7,1
00-0039880,Malik Washington,WR,MIA,2026,4,MIN,7.0,5
00-0039893,Brian Thomas Jr.,WR,JAX,2026,4,CIN,7.7,2
00-0039894,Xavier Worthy,WR,KC,2026,4,LV,7.0,4
00-0039901,Keon Coleman,WR,BUF,2026,4,NE,17.6,6
00-0039915,Ladd McConkey,WR,LAC,2026,4,SEA,0.0,0
00-0039917,Michael Penix Jr.,QB,ATL,2026,4,NO,12.72,0
00-0039919,Rome Odunze,WR,CHI,2026,4,NYJ,9.4,6
00-0039920,Malachi Corley,WR,CLE,2026,4,PIT,0.0,0
00-0040024,Darius Cooper,WR,PHI,2026,4,LA,15.3,3
00-0040075,LaJohntay Wester,WR,BAL,2026,4,TEN,0.0,0
00-0040081,Jake Briningstool,TE,KC,2026,4,LV,0.0,0
00-0040122,Ashton Jeanty,RB,LV,2026,4,KC,12.6,6
00-0040124,Tetairoa McMillan,WR,CAR,2026,4,DET,31.2,14
00-0040126,Colston Loveland,TE,CHI,2026,4,NYJ,5.7,6
00-0040128,Tyler Warren,TE,IND,2026,4,WAS,4.1,5
00-0040129,Emeka Egbuka,WR,TB,2026,4,GB,1.3,2
00-0040131,Kyle Williams,WR,NE,2026,4,BUF,0.0,0
00-0040134,Pat Bryant,WR,DEN,2026,4,SF,4.7,3
00-0040138,Jaylin Noel,WR,HOU,2026,4,DAL,8.9,3
00-0040142,Kaleb Johnson,RB,GB,2026,4,TB,2.2,0
00-0040154,Tai Felton,WR,MIN,2026,4,MIA,1.4,1
00-0040164,Jaylin Lane,WR,WAS,2026,4,IND,0.0,0
00-0040170,Elic Ayomanor,WR,TEN,2026,4,BAL,2.2,1
00-0040187,Mitchell Evans,TE,CAR,2026,4,DET,0.8,1
00-0040189,Oronde Gadsden II,TE,LAC,2026,4,SEA,3.8,5
00-0040198,Ollie Gordon II,RB,MIA,2026,4,MIN,16.0,2
00-0040215,Gavin Bartholomew,TE,MIN,2026,4,MIA,0.4,1
00-0040236,Kyle Monangai,RB,CHI,2026,4,NYJ,27.0,1
00-0040237,Tez Johnson,WR,TB,2026,4,GB,2.7,2
00-0040238,LeQuint Allen Jr.,RB,JAX,2026,4,CIN,0.0,0
00-0040242,Jacory Croskey-Merritt,RB,WAS,2026,4,IND,5.0,2
00-0040265,Ja'Seem Reed,WR,CAR,2026,4,DET,0.0,0
00-0040331,Patrick Herbert,TE,LAC,2026,4,SEA,0.0,0
00-0040363,Keleki Latu,TE,BUF,2026,4,NE,0.0,0
00-0040394,Anthony Tyus III,RB,CAR,2026,4,DET,0.0,0
00-0040466,Raheim Sanders,RB,CLE,2026,4,PIT,1.6,2
00-0040506,Myles Price,WR,MIN,2026,4,MIA,0.8,2
00-0040556,Corey Kiner,RB,NE,2026,4,BUF,0.0,0
00-0040563,Efton Chism III,WR,NE,2026,4,BUF,10.2,2
00-0040583,Woody Marks,RB,HOU,2026,4,DAL,8.2,0
00-0040584,Gunnar Helm,TE,TEN,2026,4,BAL,2.5,1
00-0040590,Konata Mumpfield,WR,LA,2026,4,PHI,0.7,1
00-0040598,Mark Redman,TE,GB,2026,4,TB,2.9,2
00-0040646,Jalen Royals,WR,KC,2026,4,LV,0.0,0
00-0040648,Tory Horton,WR,SEA,2026,4,LAC,6.6,1
00-0040663,Harold Fannin Jr.,TE,CLE,2026,4,PIT,8.7,3
00-0040666,Omarion Hampton,RB,LAC,2026,4,SEA,11.3,2
00-0040667,Matthew Golden,WR,GB,2026,4,TB,8.7,3
00-0040669,Isaac TeSlaa,WR,DET,2026,4,CAR,9.5,4
00-0040676,Cam Ward,QB,TEN,2026,4,BAL,15.58,0
00-0040705,Chimere Dike,WR,TEN,2026,4,BAL,1.5,1
00-0040715,Cam Skattebo,RB,NYG,2026,4,ARI,6.6,1
00-0040719,Bhayshul Tuten,RB,JAX,2026,4,CIN,9.1,2
00-0040727,Tre Harris,WR,LAC,2026,4,SEA,6.0,3
00-0040730,RJ Harvey,RB,DEN,2026,4,SF,9.3,10
00-0040734,TreVeyon Henderson,RB,NE,2026,4,BUF,4.2,0
00-0040735,Luther Burden III,WR,CHI,2026,4,NYJ,7.4,4
00-0040743,Tyler Shough,QB,NO,2026,4,ATL,15.94,0
00-0040782,Isaiah Bond,WR,CLE,2026,4,PIT,0.2,1
00-0040784,Quinshon Judkins,RB,CLE,2026,4,PIT,15.6,6
00-0040785,Dohnte Meyers,WR,CIN,2026,4,JAX,8.2,7
00-0040867,Makai Lemon,WR,PHI,2026,4,LA,2.7,3
00-0040876,Elijah Sarratt,WR,BAL,2026,4,TEN,1.3,1
00-0040878,Mike Washington Jr.,RB,LV,2026,4,KC,1.7,1
00-0040879,Matthew Hibner,TE,BAL,2026,4,TEN,3.4,2
00-0040886,Nicholas Singleton,RB,TEN,2026,4,BAL,0.2,0
00-0040887,Josh Cuevas,TE,BAL,2026,4,TEN,0.0,0
00-0040890,Cyrus Allen,WR,KC,2026,4,LV,0.0,0
00-0040894,Malik Benson,WR,LV,2026,4,KC,0.0,0
00-0040948,J. Michael Sturdivant,WR,GB,2026,4,TB,0.0,0
00-0041013,Emmett Johnson,RB,KC,2026,4,LV,1.0,1
00-0041027,Jeremiyah Love,RB,ARI,2026,4,NYG,5.5,1
00-0041032,Kenyon Sadiq,TE,NYJ,2026,4,CHI,0.0,0
00-0041037,Denzel Boston,WR,CLE,2026,4,PIT,8.9,4
00-0041040,Antonio Williams,WR,WAS,2026,4,IND,2.1,3
00-0041041,Oscar Delp,TE,NO,2026,4,ATL,0.0,0
00-0041042,Malachi Fields,WR,NYG,2026,4,ARI,11.2,2
00-0041044,Zachariah Branch,WR,ATL,2026,4,NO,1.0,2
00-0041048,Ted Hurst III,WR,TB,2026,4,GB,2.5,2
00-0041051,Zavion Thomas,WR,CHI,2026,4,NYJ,0.0,0
00-0041052,Kaelon Black,RB,SF,2026,4,DEN,1.3,0
00-0041067,Bryce Lance,WR,NO,2026,4,ATL,0.7,1
00-0041094,Bauer Sharp,TE,TB,2026,4,GB,0.0,0
00-0041096,Kaytron Allen,RB,WAS,2026,4,IND,0.1,0
00-0041099,Barion Brown,WR,NO,2026,4,ATL,-0.5,0
00-0041100,Josh Cameron,WR,JAX,2026,4,CIN,4.2,2
00-0041104,Demond Claiborne,RB,MIN,2026,4,MIA,1.2,0
00-0041117,Athan Kaliakmanis,QB,WAS,2026,4,IND,11.04,0
00-0041125,Seth McGowan,RB,IND,2026,4,WAS,3.8,1
00-0041132,Deion Burks,WR,IND,2026,4,WAS,0.6,1
00-0041251,Jalon Daniels,QB,TB,2026,4,GB,11.42,0
00-0041326,CJ Donaldson,RB,NO,2026,4,ATL,2.3,2
00-0041395,Eli Raridon,TE,NE,2026,4,BUF,1.2,1
00-0041397,Kaden Wetjen,WR,PIT,2026,4,CLE,0.0,0
00-0041415,Dean Connors,RB,LA,2026,4,PHI,0.0,0
00-0041438,Carnell Tate,WR,TEN,2026,4,BAL,12.5,9
00-0041489,Germie Bernard,WR,PIT,2026,4,CLE,1.1,2
00-0041503,Nate Boerkircher,TE,JAX,2026,4,CIN,1.5,1
00-0041524,Will Kacmarek,TE,MIA,2026,4,MIN,1.5,1
00-0041525,Chris Bell,WR,MIA,2026,4,MIN,0.0,0
00-0041529,Kevin Coleman Jr.,WR,MIA,2026,4,MIN,0.3,1
00-0041547,KC Concepcion,WR,CLE,2026,4,PIT,6.4,5
00-0041558,Sam Roush,TE,CHI,2026,4,NYJ,0.8,1
